"","clientId","sex","orderdate","cart","to","ord"
"1",1,"male",2012-01-22,"a",2012-02-13,"ord1"
"2",1,"male",2012-02-14,"a",2012-03-07,"ord2"
"3",1,"male",2012-03-08,"a;b",2012-03-13,"ord3"
"4",1,"male",2012-03-14,"a;b",2012-03-31,"ord4"
"5",1,"male",2012-04-01,"nopurch",2012-04-01,"ord5"
"6",2,"female",2012-02-11,"a;c",2012-03-07,"ord1"
"7",2,"female",2012-03-08,"a;b",2012-03-10,"ord2"
"8",2,"female",2012-03-11,"a;b",2012-03-31,"ord3"
"9",2,"female",2012-04-01,"nopurch",2012-04-01,"ord4"
"10",3,"female",2012-01-17,"a;c",2012-02-05,"ord1"
"11",3,"female",2012-02-06,"a;b;c",2012-03-03,"ord2"
"12",3,"female",2012-03-04,"a;b",2012-03-23,"ord3"
"13",3,"female",2012-03-24,"a;c",2012-03-31,"ord4"
"14",3,"female",2012-04-01,"nopurch",2012-04-01,"ord5"
"15",4,"female",2012-01-05,"a;c",2012-01-31,"ord1"
"16",4,"female",2012-02-01,"a;c",2012-02-11,"ord2"
"17",4,"female",2012-02-12,"a",2012-02-24,"ord3"
"18",4,"female",2012-02-25,"a;b",2012-03-21,"ord4"
"19",4,"female",2012-03-22,"nopurch",2012-04-01,"ord5"
"20",5,"male",2012-01-30,"a;b",2012-02-02,"ord1"
"21",5,"male",2012-02-03,"c",2012-02-12,"ord2"
"22",5,"male",2012-02-13,"a;c",2012-02-22,"ord3"
"23",5,"male",2012-02-23,"nopurch",2012-04-01,"ord4"
"24",6,"female",2012-01-20,"a;b",2012-02-16,"ord1"
"25",6,"female",2012-02-17,"a;b",2012-02-21,"ord2"
"26",6,"female",2012-02-22,"a;b;c",2012-03-19,"ord3"
"27",6,"female",2012-03-20,"a;b",2012-03-31,"ord4"
"28",6,"female",2012-04-01,"nopurch",2012-04-01,"ord5"
"29",7,"female",2012-01-06,"a;b",2012-01-25,"ord1"
"30",7,"female",2012-01-26,"a;b",2012-02-24,"ord2"
"31",7,"female",2012-02-25,"nopurch",2012-04-01,"ord3"
"32",8,"male",2012-01-29,"a;b",2012-02-02,"ord1"
"33",8,"male",2012-02-03,"b",2012-02-12,"ord2"
"34",8,"male",2012-02-13,"a;b;c",2012-03-19,"ord3"
"35",8,"male",2012-03-20,"a;c",2012-03-31,"ord4"
"36",8,"male",2012-04-01,"nopurch",2012-04-01,"ord5"
"37",9,"male",2012-01-10,"a;b;c",2012-01-29,"ord1"
"38",9,"male",2012-01-30,"a;b;c",2012-03-06,"ord2"
"39",9,"male",2012-03-07,"a;b",2012-03-31,"ord3"
"40",9,"male",2012-04-01,"nopurch",2012-04-01,"ord4"
"41",10,"male",2012-01-24,"a",2012-03-10,"ord1"
"42",10,"male",2012-03-11,"a;c",2012-03-30,"ord2"
"43",10,"male",2012-03-31,"b",2012-03-31,"ord3"
"44",10,"male",2012-04-01,"nopurch",2012-04-01,"ord4"
"45",11,"male",2012-01-22,"a",2012-01-28,"ord1"
"46",11,"male",2012-01-29,"a;b;c",2012-02-19,"ord2"
"47",11,"male",2012-02-20,"a;b",2012-03-05,"ord3"
"48",11,"male",2012-03-06,"a",2012-03-11,"ord4"
"49",11,"male",2012-03-12,"a;b",2012-03-30,"ord5"
"50",11,"male",2012-03-31,"nopurch",2012-04-01,"ord6"
"51",12,"male",2012-01-22,"a;b",2012-02-09,"ord1"
"52",12,"male",2012-02-10,"a;b;c",2012-02-22,"ord2"
"53",12,"male",2012-02-23,"a;b;c",2012-03-17,"ord3"
"54",12,"male",2012-03-18,"nopurch",2012-04-01,"ord4"
"55",13,"male",2012-01-10,"a",2012-01-19,"ord1"
"56",13,"male",2012-01-20,"a",2012-03-16,"ord2"
"57",13,"male",2012-03-17,"a",2012-03-31,"ord3"
"58",13,"male",2012-04-01,"nopurch",2012-04-01,"ord4"
"59",14,"male",2012-01-18,"a;b",2012-02-01,"ord1"
"60",14,"male",2012-02-02,"a;b",2012-02-13,"ord2"
"61",14,"male",2012-02-14,"a;b;c",2012-02-20,"ord3"
"62",14,"male",2012-02-21,"a;b;c",2012-03-05,"ord4"
"63",14,"male",2012-03-06,"a;b",2012-03-22,"ord5"
"64",14,"male",2012-03-23,"a",2012-03-31,"ord6"
"65",14,"male",2012-04-01,"nopurch",2012-04-01,"ord7"
"66",15,"male",2012-02-05,"a",2012-03-13,"ord1"
"67",15,"male",2012-03-14,"a",2012-03-31,"ord2"
"68",15,"male",2012-04-01,"nopurch",2012-04-01,"ord3"
"69",16,"male",2012-01-28,"a;b;c",2012-02-11,"ord1"
"70",16,"male",2012-02-12,"a;c",2012-03-10,"ord2"
"71",16,"male",2012-03-11,"a",2012-03-31,"ord3"
"72",16,"male",2012-04-01,"nopurch",2012-04-01,"ord4"
"73",17,"female",2012-02-04,"a;b",2012-02-19,"ord1"
"74",17,"female",2012-02-20,"a;b",2012-03-14,"ord2"
"75",17,"female",2012-03-15,"a;b;c",2012-03-28,"ord3"
"76",17,"female",2012-03-29,"a;b;c",2012-03-31,"ord4"
"77",17,"female",2012-04-01,"nopurch",2012-04-01,"ord5"
"78",18,"male",2012-01-16,"a;b",2012-03-09,"ord1"
"79",18,"male",2012-03-10,"a;b;c",2012-03-24,"ord2"
"80",18,"male",2012-03-25,"a;b;c",2012-03-31,"ord3"
"81",18,"male",2012-04-01,"nopurch",2012-04-01,"ord4"
"82",19,"female",2012-02-15,"a;b;c",2012-03-30,"ord1"
"83",19,"female",2012-03-31,"a;b",2012-03-31,"ord2"
"84",19,"female",2012-04-01,"nopurch",2012-04-01,"ord3"
"85",20,"male",2012-01-20,"a;b",2012-02-06,"ord1"
"86",20,"male",2012-02-07,"a;b;c",2012-03-28,"ord2"
"87",20,"male",2012-03-29,"a;b;c",2012-03-31,"ord3"
"88",20,"male",2012-04-01,"nopurch",2012-04-01,"ord4"
"89",22,"female",2012-03-29,"a;c",2012-03-31,"ord1"
"90",22,"female",2012-04-01,"nopurch",2012-04-01,"ord2"
"91",23,"female",2012-01-02,"a;b",2012-02-23,"ord1"
"92",23,"female",2012-02-24,"a;b;c",2012-03-06,"ord2"
"93",23,"female",2012-03-07,"a;b",2012-03-11,"ord3"
"94",23,"female",2012-03-12,"a;b",2012-03-31,"ord4"
"95",23,"female",2012-04-01,"nopurch",2012-04-01,"ord5"
"96",24,"female",2012-01-06,"a;b;c",2012-01-09,"ord1"
"97",24,"female",2012-01-10,"a;b",2012-03-08,"ord2"
"98",24,"female",2012-03-09,"a;b;c",2012-03-31,"ord3"
"99",24,"female",2012-04-01,"nopurch",2012-04-01,"ord4"
"100",25,"male",2012-02-03,"b;c",2012-03-05,"ord1"
"101",25,"male",2012-03-06,"a;b",2012-03-10,"ord2"
"102",25,"male",2012-03-11,"b",2012-03-31,"ord3"
"103",25,"male",2012-04-01,"nopurch",2012-04-01,"ord4"
"104",26,"female",2012-01-09,"a;b;c",2012-01-22,"ord1"
"105",26,"female",2012-01-23,"a;b;c",2012-01-28,"ord2"
"106",26,"female",2012-01-29,"a;c",2012-02-04,"ord3"
"107",26,"female",2012-02-05,"a;b",2012-03-09,"ord4"
"108",26,"female",2012-03-10,"a;b;c",2012-03-31,"ord5"
"109",26,"female",2012-04-01,"nopurch",2012-04-01,"ord6"
"110",27,"female",2012-01-25,"a",2012-02-07,"ord1"
"111",27,"female",2012-02-08,"a;b",2012-02-28,"ord2"
"112",27,"female",2012-02-29,"nopurch",2012-04-01,"ord3"
"113",28,"male",2012-01-10,"a",2012-01-28,"ord1"
"114",28,"male",2012-01-29,"a;c",2012-02-24,"ord2"
"115",28,"male",2012-02-25,"a",2012-03-03,"ord3"
"116",28,"male",2012-03-04,"a;b",2012-03-30,"ord4"
"117",28,"male",2012-03-31,"nopurch",2012-04-01,"ord5"
"118",29,"male",2012-02-24,"a",2012-03-06,"ord1"
"119",29,"male",2012-03-07,"a",2012-03-07,"ord2"
"120",29,"male",2012-03-08,"a;b",2012-03-24,"ord3"
"121",29,"male",2012-03-25,"a;b;c",2012-03-31,"ord4"
"122",29,"male",2012-04-01,"nopurch",2012-04-01,"ord5"
"123",30,"male",2012-01-15,"a;b;c",2012-02-14,"ord1"
"124",30,"male",2012-02-15,"a;b",2012-03-31,"ord2"
"125",30,"male",2012-04-01,"nopurch",2012-04-01,"ord3"
"126",31,"female",2012-02-09,"a;b",2012-03-09,"ord1"
"127",31,"female",2012-03-10,"nopurch",2012-04-01,"ord2"
"128",32,"female",2012-01-04,"a;b;c",2012-01-06,"ord1"
"129",32,"female",2012-01-07,"a;b",2012-01-24,"ord2"
"130",32,"female",2012-01-25,"a;c",2012-02-11,"ord3"
"131",32,"female",2012-02-12,"a",2012-02-24,"ord4"
"132",32,"female",2012-02-25,"a;c",2012-03-15,"ord5"
"133",32,"female",2012-03-16,"nopurch",2012-04-01,"ord6"
"134",33,"female",2012-01-10,"a;b;c",2012-01-16,"ord1"
"135",33,"female",2012-01-17,"a;b;c",2012-03-06,"ord2"
"136",33,"female",2012-03-07,"a;b;c",2012-03-25,"ord3"
"137",33,"female",2012-03-26,"a;b;c",2012-03-31,"ord4"
"138",33,"female",2012-04-01,"nopurch",2012-04-01,"ord5"
"139",34,"female",2012-01-16,"a",2012-02-12,"ord1"
"140",34,"female",2012-02-13,"a;b",2012-02-16,"ord2"
"141",34,"female",2012-02-17,"a;b;c",2012-03-22,"ord3"
"142",34,"female",2012-03-23,"a;b",2012-03-26,"ord4"
"143",34,"female",2012-03-27,"a;b",2012-03-31,"ord5"
"144",34,"female",2012-04-01,"nopurch",2012-04-01,"ord6"
"145",35,"female",2012-01-10,"a;b;c",2012-01-16,"ord1"
"146",35,"female",2012-01-17,"a",2012-03-19,"ord2"
"147",35,"female",2012-03-20,"a",2012-03-31,"ord3"
"148",35,"female",2012-04-01,"nopurch",2012-04-01,"ord4"
"149",36,"female",2012-01-19,"a;b",2012-03-16,"ord1"
"150",36,"female",2012-03-17,"a;b;c",2012-03-31,"ord2"
"151",36,"female",2012-04-01,"nopurch",2012-04-01,"ord3"
"152",37,"male",2012-03-04,"a;b",2012-03-31,"ord1"
"153",37,"male",2012-04-01,"nopurch",2012-04-01,"ord2"
"154",38,"male",2012-01-15,"a;b",2012-01-19,"ord1"
"155",38,"male",2012-01-20,"b",2012-03-11,"ord2"
"156",38,"male",2012-03-12,"a;b;c",2012-03-23,"ord3"
"157",38,"male",2012-03-24,"a;b;c",2012-03-27,"ord4"
"158",38,"male",2012-03-28,"a;c",2012-03-31,"ord5"
"159",38,"male",2012-04-01,"nopurch",2012-04-01,"ord6"
"160",39,"male",2012-01-12,"a",2012-02-09,"ord1"
"161",39,"male",2012-02-10,"a;c",2012-03-16,"ord2"
"162",39,"male",2012-03-17,"a;c",2012-03-31,"ord3"
"163",39,"male",2012-04-01,"nopurch",2012-04-01,"ord4"
"164",40,"female",2012-01-11,"a;b;c",2012-02-24,"ord1"
"165",40,"female",2012-02-25,"a;b;c",2012-02-26,"ord2"
"166",40,"female",2012-02-27,"a;b",2012-02-28,"ord3"
"167",40,"female",2012-02-29,"a;b",2012-02-29,"ord4"
"168",40,"female",2012-03-01,"a;b;c",2012-03-13,"ord5"
"169",40,"female",2012-03-14,"a",2012-03-15,"ord6"
"170",40,"female",2012-03-16,"a",2012-03-31,"ord7"
"171",40,"female",2012-04-01,"nopurch",2012-04-01,"ord8"
"172",41,"female",2012-01-23,"a",2012-02-19,"ord1"
"173",41,"female",2012-02-20,"b;c",2012-03-01,"ord2"
"174",41,"female",2012-03-02,"a;b;c",2012-03-07,"ord3"
"175",41,"female",2012-03-08,"a;b",2012-03-29,"ord4"
"176",41,"female",2012-03-30,"nopurch",2012-04-01,"ord5"
"177",42,"female",2012-01-04,"a",2012-02-15,"ord1"
"178",42,"female",2012-02-16,"a;b",2012-02-28,"ord2"
"179",42,"female",2012-02-29,"b;c",2012-03-04,"ord3"
"180",42,"female",2012-03-05,"c",2012-03-31,"ord4"
"181",42,"female",2012-04-01,"nopurch",2012-04-01,"ord5"
"182",43,"male",2012-01-19,"a;b;c",2012-03-21,"ord1"
"183",43,"male",2012-03-22,"a",2012-03-31,"ord2"
"184",43,"male",2012-04-01,"nopurch",2012-04-01,"ord3"
"185",44,"male",2012-01-21,"b",2012-01-24,"ord1"
"186",44,"male",2012-01-25,"a;b",2012-02-16,"ord2"
"187",44,"male",2012-02-17,"a;b;c",2012-03-11,"ord3"
"188",44,"male",2012-03-12,"a;b",2012-03-31,"ord4"
"189",44,"male",2012-04-01,"nopurch",2012-04-01,"ord5"
"190",45,"male",2012-03-11,"a;b",2012-03-31,"ord1"
"191",45,"male",2012-04-01,"nopurch",2012-04-01,"ord2"
"192",46,"female",2012-01-16,"a",2012-01-24,"ord1"
"193",46,"female",2012-01-25,"a",2012-03-10,"ord2"
"194",46,"female",2012-03-11,"a;c",2012-03-26,"ord3"
"195",46,"female",2012-03-27,"a;b;c",2012-03-27,"ord4"
"196",46,"female",2012-03-28,"a;c",2012-03-31,"ord5"
"197",46,"female",2012-04-01,"nopurch",2012-04-01,"ord6"
"198",47,"male",2012-02-16,"a;b",2012-02-22,"ord1"
"199",47,"male",2012-02-23,"a;b",2012-02-29,"ord2"
"200",47,"male",2012-03-01,"a;b;c",2012-03-10,"ord3"
"201",47,"male",2012-03-11,"nopurch",2012-04-01,"ord4"
"202",48,"male",2012-01-11,"a;b",2012-02-09,"ord1"
"203",48,"male",2012-02-10,"nopurch",2012-04-01,"ord2"
"204",49,"female",2012-01-07,"a;b",2012-01-19,"ord1"
"205",49,"female",2012-01-20,"a;c",2012-01-23,"ord2"
"206",49,"female",2012-01-24,"a;b",2012-01-27,"ord3"
"207",49,"female",2012-01-28,"a;b",2012-02-14,"ord4"
"208",49,"female",2012-02-15,"a;c",2012-02-16,"ord5"
"209",49,"female",2012-02-17,"a;b;c",2012-03-19,"ord6"
"210",49,"female",2012-03-20,"a;b;c",2012-03-31,"ord7"
"211",49,"female",2012-04-01,"nopurch",2012-04-01,"ord8"
"212",51,"female",2012-03-14,"a;c",2012-03-31,"ord1"
"213",51,"female",2012-04-01,"nopurch",2012-04-01,"ord2"
"214",52,"male",2012-01-11,"a;b;c",2012-01-25,"ord1"
"215",52,"male",2012-01-26,"a;c",2012-02-17,"ord2"
"216",52,"male",2012-02-18,"a",2012-03-11,"ord3"
"217",52,"male",2012-03-12,"a",2012-03-13,"ord4"
"218",52,"male",2012-03-14,"a;b;c",2012-03-31,"ord5"
"219",52,"male",2012-04-01,"nopurch",2012-04-01,"ord6"
"220",53,"female",2012-01-03,"a",2012-03-04,"ord1"
"221",53,"female",2012-03-05,"a;c",2012-03-31,"ord2"
"222",53,"female",2012-04-01,"nopurch",2012-04-01,"ord3"
"223",54,"female",2012-01-03,"a;b",2012-02-19,"ord1"
"224",54,"female",2012-02-20,"a;b",2012-03-31,"ord2"
"225",54,"female",2012-04-01,"nopurch",2012-04-01,"ord3"
"226",55,"female",2012-01-29,"a;b;c",2012-02-05,"ord1"
"227",55,"female",2012-02-06,"a;b;c",2012-02-11,"ord2"
"228",55,"female",2012-02-12,"a;c",2012-03-03,"ord3"
"229",55,"female",2012-03-04,"a;b;c",2012-03-17,"ord4"
"230",55,"female",2012-03-18,"a;b;c",2012-03-20,"ord5"
"231",55,"female",2012-03-21,"a",2012-03-31,"ord6"
"232",55,"female",2012-04-01,"nopurch",2012-04-01,"ord7"
"233",56,"female",2012-01-08,"a;c",2012-02-06,"ord1"
"234",56,"female",2012-02-07,"nopurch",2012-04-01,"ord2"
"235",57,"male",2012-01-18,"a;b",2012-01-29,"ord1"
"236",57,"male",2012-01-30,"a",2012-02-03,"ord2"
"237",57,"male",2012-02-04,"a",2012-02-06,"ord3"
"238",57,"male",2012-02-07,"a;b;c",2012-02-11,"ord4"
"239",57,"male",2012-02-12,"a;b;c",2012-02-20,"ord5"
"240",57,"male",2012-02-21,"nopurch",2012-04-01,"ord6"
"241",58,"female",2012-01-18,"a;b;c",2012-02-22,"ord1"
"242",58,"female",2012-02-23,"a;b",2012-03-09,"ord2"
"243",58,"female",2012-03-10,"a;b",2012-03-31,"ord3"
"244",58,"female",2012-04-01,"nopurch",2012-04-01,"ord4"
"245",59,"female",2012-02-09,"a;b;c",2012-03-09,"ord1"
"246",59,"female",2012-03-10,"nopurch",2012-04-01,"ord2"
"247",60,"female",2012-01-24,"a;b",2012-03-21,"ord1"
"248",60,"female",2012-03-22,"a;b",2012-03-31,"ord2"
"249",60,"female",2012-04-01,"nopurch",2012-04-01,"ord3"
"250",61,"female",2012-01-11,"a;b",2012-02-09,"ord1"
"251",61,"female",2012-02-10,"nopurch",2012-04-01,"ord2"
"252",62,"female",2012-01-04,"a;b",2012-02-29,"ord1"
"253",62,"female",2012-03-01,"a;b",2012-03-08,"ord2"
"254",62,"female",2012-03-09,"b",2012-03-18,"ord3"
"255",62,"female",2012-03-19,"a;b;c",2012-03-31,"ord4"
"256",62,"female",2012-04-01,"nopurch",2012-04-01,"ord5"
"257",64,"male",2012-01-07,"a",2012-01-29,"ord1"
"258",64,"male",2012-01-30,"a",2012-02-29,"ord2"
"259",64,"male",2012-03-01,"a;b",2012-03-31,"ord3"
"260",64,"male",2012-04-01,"nopurch",2012-04-01,"ord4"
"261",65,"male",2012-02-29,"a;b",2012-03-08,"ord1"
"262",65,"male",2012-03-09,"a;b",2012-03-18,"ord2"
"263",65,"male",2012-03-19,"a;b",2012-03-31,"ord3"
"264",65,"male",2012-04-01,"nopurch",2012-04-01,"ord4"
"265",66,"female",2012-01-12,"a;b;c",2012-01-16,"ord1"
"266",66,"female",2012-01-17,"a;b",2012-03-28,"ord2"
"267",66,"female",2012-03-29,"a;b",2012-03-31,"ord3"
"268",66,"female",2012-04-01,"nopurch",2012-04-01,"ord4"
"269",67,"female",2012-02-06,"a;b;c",2012-02-23,"ord1"
"270",67,"female",2012-02-24,"a;b;c",2012-03-21,"ord2"
"271",67,"female",2012-03-22,"nopurch",2012-04-01,"ord3"
"272",68,"male",2012-01-29,"a;b",2012-01-31,"ord1"
"273",68,"male",2012-02-01,"a;b;c",2012-02-09,"ord2"
"274",68,"male",2012-02-10,"a;b",2012-02-25,"ord3"
"275",68,"male",2012-02-26,"a",2012-03-10,"ord4"
"276",68,"male",2012-03-11,"nopurch",2012-04-01,"ord5"
"277",69,"male",2012-01-19,"a;b",2012-02-29,"ord1"
"278",69,"male",2012-03-01,"a;b",2012-03-29,"ord2"
"279",69,"male",2012-03-30,"a;b;c",2012-03-31,"ord3"
"280",69,"male",2012-04-01,"nopurch",2012-04-01,"ord4"
"281",70,"female",2012-01-17,"a;b;c",2012-02-21,"ord1"
"282",70,"female",2012-02-22,"a;b",2012-02-24,"ord2"
"283",70,"female",2012-02-25,"a",2012-03-15,"ord3"
"284",70,"female",2012-03-16,"a",2012-03-31,"ord4"
"285",70,"female",2012-04-01,"nopurch",2012-04-01,"ord5"
"286",71,"female",2012-01-16,"a;c",2012-02-07,"ord1"
"287",71,"female",2012-02-08,"a;c",2012-02-19,"ord2"
"288",71,"female",2012-02-20,"a;c",2012-03-04,"ord3"
"289",71,"female",2012-03-05,"a;b;c",2012-03-12,"ord4"
"290",71,"female",2012-03-13,"a;c",2012-03-19,"ord5"
"291",71,"female",2012-03-20,"a;c",2012-03-20,"ord6"
"292",71,"female",2012-03-21,"a",2012-03-21,"ord7"
"293",71,"female",2012-03-22,"b;c",2012-03-31,"ord8"
"294",71,"female",2012-04-01,"nopurch",2012-04-01,"ord9"
"295",72,"female",2012-01-20,"b;c",2012-01-23,"ord1"
"296",72,"female",2012-01-24,"a;b;c",2012-03-07,"ord2"
"297",72,"female",2012-03-08,"a;b;c",2012-03-19,"ord3"
"298",72,"female",2012-03-20,"a",2012-03-20,"ord4"
"299",72,"female",2012-03-21,"a;b;c",2012-03-31,"ord5"
"300",72,"female",2012-04-01,"nopurch",2012-04-01,"ord6"
"301",73,"female",2012-02-07,"a;b;c",2012-02-20,"ord1"
"302",73,"female",2012-02-21,"a",2012-03-12,"ord2"
"303",73,"female",2012-03-13,"nopurch",2012-04-01,"ord3"
"304",75,"female",2012-02-20,"b",2012-03-01,"ord1"
"305",75,"female",2012-03-02,"a;c",2012-03-17,"ord2"
"306",75,"female",2012-03-18,"a;b",2012-03-22,"ord3"
"307",75,"female",2012-03-23,"a;b",2012-03-31,"ord4"
"308",75,"female",2012-04-01,"nopurch",2012-04-01,"ord5"
"309",76,"male",2012-02-18,"a",2012-03-06,"ord1"
"310",76,"male",2012-03-07,"a;b;c",2012-03-21,"ord2"
"311",76,"male",2012-03-22,"a;b",2012-03-31,"ord3"
"312",76,"male",2012-04-01,"nopurch",2012-04-01,"ord4"
"313",77,"male",2012-01-14,"a",2012-01-18,"ord1"
"314",77,"male",2012-01-19,"a;c",2012-02-23,"ord2"
"315",77,"male",2012-02-24,"a",2012-03-21,"ord3"
"316",77,"male",2012-03-22,"a;b;c",2012-03-31,"ord4"
"317",77,"male",2012-04-01,"nopurch",2012-04-01,"ord5"
"318",78,"female",2012-02-02,"a;b;c",2012-03-06,"ord1"
"319",78,"female",2012-03-07,"a;b",2012-03-07,"ord2"
"320",78,"female",2012-03-08,"a;b",2012-03-10,"ord3"
"321",78,"female",2012-03-11,"a",2012-03-29,"ord4"
"322",78,"female",2012-03-30,"nopurch",2012-04-01,"ord5"
"323",79,"female",2012-01-07,"a;c",2012-01-13,"ord1"
"324",79,"female",2012-01-14,"a;b;c",2012-02-28,"ord2"
"325",79,"female",2012-02-29,"a",2012-03-20,"ord3"
"326",79,"female",2012-03-21,"a",2012-03-23,"ord4"
"327",79,"female",2012-03-24,"a;b",2012-03-31,"ord5"
"328",79,"female",2012-04-01,"nopurch",2012-04-01,"ord6"
"329",82,"male",2012-03-12,"a;b;c",2012-03-31,"ord1"
"330",82,"male",2012-04-01,"nopurch",2012-04-01,"ord2"
"331",83,"female",2012-03-28,"a;b;c",2012-03-31,"ord1"
"332",83,"female",2012-04-01,"nopurch",2012-04-01,"ord2"
"333",84,"male",2012-01-19,"a;b",2012-03-07,"ord1"
"334",84,"male",2012-03-08,"a;b;c",2012-03-31,"ord2"
"335",84,"male",2012-04-01,"nopurch",2012-04-01,"ord3"
"336",85,"male",2012-01-10,"a",2012-01-19,"ord1"
"337",85,"male",2012-01-20,"a;b;c",2012-02-03,"ord2"
"338",85,"male",2012-02-04,"nopurch",2012-04-01,"ord3"
"339",86,"female",2012-01-23,"a",2012-03-03,"ord1"
"340",86,"female",2012-03-04,"a;b;c",2012-03-31,"ord2"
"341",86,"female",2012-04-01,"nopurch",2012-04-01,"ord3"
"342",87,"female",2012-03-21,"a;b",2012-03-31,"ord1"
"343",87,"female",2012-04-01,"nopurch",2012-04-01,"ord2"
"344",88,"male",2012-01-02,"b",2012-01-13,"ord1"
"345",88,"male",2012-01-14,"a;b;c",2012-01-23,"ord2"
"346",88,"male",2012-01-24,"a;c",2012-01-27,"ord3"
"347",88,"male",2012-01-28,"b;c",2012-02-22,"ord4"
"348",88,"male",2012-02-23,"a;b",2012-03-13,"ord5"
"349",88,"male",2012-03-14,"nopurch",2012-04-01,"ord6"
"350",89,"male",2012-01-25,"a",2012-02-10,"ord1"
"351",89,"male",2012-02-11,"a;b;c",2012-03-07,"ord2"
"352",89,"male",2012-03-08,"nopurch",2012-04-01,"ord3"
"353",90,"female",2012-01-08,"a;b",2012-03-03,"ord1"
"354",90,"female",2012-03-04,"a;b;c",2012-03-31,"ord2"
"355",90,"female",2012-04-01,"nopurch",2012-04-01,"ord3"
"356",91,"male",2012-01-04,"a;c",2012-03-12,"ord1"
"357",91,"male",2012-03-13,"a;b;c",2012-03-29,"ord2"
"358",91,"male",2012-03-30,"a;b;c",2012-03-31,"ord3"
"359",91,"male",2012-04-01,"nopurch",2012-04-01,"ord4"
"360",92,"male",2012-01-06,"a",2012-02-04,"ord1"
"361",92,"male",2012-02-05,"nopurch",2012-04-01,"ord2"
"362",93,"female",2012-01-08,"a;b",2012-02-04,"ord1"
"363",93,"female",2012-02-05,"a;c",2012-02-11,"ord2"
"364",93,"female",2012-02-12,"a",2012-02-20,"ord3"
"365",93,"female",2012-02-21,"a;b;c",2012-03-11,"ord4"
"366",93,"female",2012-03-12,"a;b",2012-03-21,"ord5"
"367",93,"female",2012-03-22,"a;b",2012-03-31,"ord6"
"368",93,"female",2012-04-01,"nopurch",2012-04-01,"ord7"
"369",94,"male",2012-02-28,"a;b;c",2012-03-04,"ord1"
"370",94,"male",2012-03-05,"a;b;c",2012-03-19,"ord2"
"371",94,"male",2012-03-20,"a;b",2012-03-25,"ord3"
"372",94,"male",2012-03-26,"a;b;c",2012-03-27,"ord4"
"373",94,"male",2012-03-28,"a;b",2012-03-31,"ord5"
"374",94,"male",2012-04-01,"nopurch",2012-04-01,"ord6"
"375",95,"male",2012-01-18,"a;b;c",2012-02-10,"ord1"
"376",95,"male",2012-02-11,"a;b",2012-03-17,"ord2"
"377",95,"male",2012-03-18,"nopurch",2012-04-01,"ord3"
"378",96,"male",2012-01-23,"a;c",2012-02-13,"ord1"
"379",96,"male",2012-02-14,"a;b",2012-02-24,"ord2"
"380",96,"male",2012-02-25,"a;b",2012-03-15,"ord3"
"381",96,"male",2012-03-16,"a;b",2012-03-16,"ord4"
"382",96,"male",2012-03-17,"a",2012-03-20,"ord5"
"383",96,"male",2012-03-21,"a;b;c",2012-03-31,"ord6"
"384",96,"male",2012-04-01,"nopurch",2012-04-01,"ord7"
"385",97,"female",2012-03-15,"a",2012-03-31,"ord1"
"386",97,"female",2012-04-01,"nopurch",2012-04-01,"ord2"
"387",98,"female",2012-02-08,"a;b",2012-02-22,"ord1"
"388",98,"female",2012-02-23,"a;c",2012-02-23,"ord2"
"389",98,"female",2012-02-24,"a;b;c",2012-03-08,"ord3"
"390",98,"female",2012-03-09,"a;b",2012-03-23,"ord4"
"391",98,"female",2012-03-24,"nopurch",2012-04-01,"ord5"
"392",99,"female",2012-01-08,"b",2012-01-13,"ord1"
"393",99,"female",2012-01-14,"a",2012-01-16,"ord2"
"394",99,"female",2012-01-17,"a;b",2012-03-10,"ord3"
"395",99,"female",2012-03-11,"a;c",2012-03-17,"ord4"
"396",99,"female",2012-03-18,"a;b",2012-03-31,"ord5"
"397",99,"female",2012-04-01,"nopurch",2012-04-01,"ord6"
"398",100,"male",2012-01-04,"a",2012-01-09,"ord1"
"399",100,"male",2012-01-10,"a;b",2012-03-15,"ord2"
"400",100,"male",2012-03-16,"a;b;c",2012-03-26,"ord3"
"401",100,"male",2012-03-27,"a",2012-03-31,"ord4"
"402",100,"male",2012-04-01,"nopurch",2012-04-01,"ord5"
"403",101,"female",2012-02-16,"b;c",2012-03-19,"ord1"
"404",101,"female",2012-03-20,"a;c",2012-03-23,"ord2"
"405",101,"female",2012-03-24,"a;b",2012-03-31,"ord3"
"406",101,"female",2012-04-01,"nopurch",2012-04-01,"ord4"
"407",102,"female",2012-03-21,"a;b;c",2012-03-31,"ord1"
"408",102,"female",2012-04-01,"nopurch",2012-04-01,"ord2"
"409",103,"female",2012-02-21,"a;b;c",2012-03-05,"ord1"
"410",103,"female",2012-03-06,"a;c",2012-03-09,"ord2"
"411",103,"female",2012-03-10,"a",2012-03-11,"ord3"
"412",103,"female",2012-03-12,"a",2012-03-15,"ord4"
"413",103,"female",2012-03-16,"a;c",2012-03-26,"ord5"
"414",103,"female",2012-03-27,"a;c",2012-03-31,"ord6"
"415",103,"female",2012-04-01,"nopurch",2012-04-01,"ord7"
"416",104,"male",2012-01-07,"a;b;c",2012-01-19,"ord1"
"417",104,"male",2012-01-20,"a;b;c",2012-02-28,"ord2"
"418",104,"male",2012-02-29,"a;c",2012-03-22,"ord3"
"419",104,"male",2012-03-23,"b;c",2012-03-31,"ord4"
"420",104,"male",2012-04-01,"nopurch",2012-04-01,"ord5"
"421",105,"female",2012-01-04,"a;b",2012-01-18,"ord1"
"422",105,"female",2012-01-19,"a;c",2012-01-23,"ord2"
"423",105,"female",2012-01-24,"a;b;c",2012-01-27,"ord3"
"424",105,"female",2012-01-28,"a;b",2012-02-04,"ord4"
"425",105,"female",2012-02-05,"a;b;c",2012-02-07,"ord5"
"426",105,"female",2012-02-08,"a;b;c",2012-02-20,"ord6"
"427",105,"female",2012-02-21,"c",2012-02-23,"ord7"
"428",105,"female",2012-02-24,"a;b",2012-03-05,"ord8"
"429",105,"female",2012-03-06,"nopurch",2012-04-01,"ord9"
"430",106,"male",2012-01-25,"a;c",2012-02-11,"ord1"
"431",106,"male",2012-02-12,"a;b",2012-03-04,"ord2"
"432",106,"male",2012-03-05,"a;b",2012-03-24,"ord3"
"433",106,"male",2012-03-25,"a;c",2012-03-31,"ord4"
"434",106,"male",2012-04-01,"nopurch",2012-04-01,"ord5"
"435",107,"female",2012-01-05,"a;b",2012-01-19,"ord1"
"436",107,"female",2012-01-20,"a;b",2012-01-25,"ord2"
"437",107,"female",2012-01-26,"a;b",2012-02-25,"ord3"
"438",107,"female",2012-02-26,"a;b",2012-03-25,"ord4"
"439",107,"female",2012-03-26,"a",2012-03-31,"ord5"
"440",107,"female",2012-04-01,"nopurch",2012-04-01,"ord6"
"441",108,"female",2012-01-16,"a",2012-02-13,"ord1"
"442",108,"female",2012-02-14,"a;b;c",2012-02-23,"ord2"
"443",108,"female",2012-02-24,"a;c",2012-03-21,"ord3"
"444",108,"female",2012-03-22,"a",2012-03-31,"ord4"
"445",108,"female",2012-04-01,"nopurch",2012-04-01,"ord5"
"446",109,"female",2012-01-08,"a;b",2012-01-08,"ord1"
"447",109,"female",2012-01-09,"a;b",2012-01-18,"ord2"
"448",109,"female",2012-01-19,"a;b",2012-02-11,"ord3"
"449",109,"female",2012-02-12,"a;b",2012-02-28,"ord4"
"450",109,"female",2012-02-29,"a;b",2012-03-05,"ord5"
"451",109,"female",2012-03-06,"a;b;c",2012-03-06,"ord6"
"452",109,"female",2012-03-07,"a;b",2012-03-07,"ord7"
"453",109,"female",2012-03-08,"a;c",2012-03-20,"ord8"
"454",109,"female",2012-03-21,"nopurch",2012-04-01,"ord9"
"455",110,"female",2012-01-13,"a;b;c",2012-01-19,"ord1"
"456",110,"female",2012-01-20,"a;c",2012-02-01,"ord2"
"457",110,"female",2012-02-02,"a",2012-02-12,"ord3"
"458",110,"female",2012-02-13,"a;b;c",2012-03-30,"ord4"
"459",110,"female",2012-03-31,"a;b;c",2012-03-31,"ord5"
"460",110,"female",2012-04-01,"nopurch",2012-04-01,"ord6"
"461",111,"male",2012-01-07,"a;b;c",2012-02-14,"ord1"
"462",111,"male",2012-02-15,"a;b",2012-03-31,"ord2"
"463",111,"male",2012-04-01,"nopurch",2012-04-01,"ord3"
"464",112,"male",2012-02-04,"a",2012-02-16,"ord1"
"465",112,"male",2012-02-17,"a;c",2012-03-07,"ord2"
"466",112,"male",2012-03-08,"nopurch",2012-04-01,"ord3"
"467",113,"female",2012-01-02,"a;b",2012-01-15,"ord1"
"468",113,"female",2012-01-16,"a;b",2012-01-21,"ord2"
"469",113,"female",2012-01-22,"a",2012-01-25,"ord3"
"470",113,"female",2012-01-26,"a;b",2012-02-11,"ord4"
"471",113,"female",2012-02-12,"a",2012-03-15,"ord5"
"472",113,"female",2012-03-16,"a;b;c",2012-03-29,"ord6"
"473",113,"female",2012-03-30,"a;b;c",2012-03-31,"ord7"
"474",113,"female",2012-04-01,"nopurch",2012-04-01,"ord8"
"475",114,"female",2012-01-10,"a;b;c",2012-01-26,"ord1"
"476",114,"female",2012-01-27,"a;c",2012-01-27,"ord2"
"477",114,"female",2012-01-28,"b;c",2012-01-29,"ord3"
"478",114,"female",2012-01-30,"a;b;c",2012-02-02,"ord4"
"479",114,"female",2012-02-03,"a;b",2012-02-21,"ord5"
"480",114,"female",2012-02-22,"a;b",2012-02-27,"ord6"
"481",114,"female",2012-02-28,"a;b;c",2012-03-14,"ord7"
"482",114,"female",2012-03-15,"a;b;c",2012-03-28,"ord8"
"483",114,"female",2012-03-29,"nopurch",2012-04-01,"ord9"
"484",115,"male",2012-01-17,"a;c",2012-02-03,"ord1"
"485",115,"male",2012-02-04,"a",2012-02-04,"ord2"
"486",115,"male",2012-02-05,"a;b",2012-02-29,"ord3"
"487",115,"male",2012-03-01,"a;c",2012-03-11,"ord4"
"488",115,"male",2012-03-12,"a",2012-03-12,"ord5"
"489",115,"male",2012-03-13,"a;b;c",2012-03-29,"ord6"
"490",115,"male",2012-03-30,"nopurch",2012-04-01,"ord7"
"491",116,"male",2012-01-17,"a;b;c",2012-02-17,"ord1"
"492",116,"male",2012-02-18,"a;b",2012-02-23,"ord2"
"493",116,"male",2012-02-24,"a",2012-03-04,"ord3"
"494",116,"male",2012-03-05,"a;b",2012-03-28,"ord4"
"495",116,"male",2012-03-29,"nopurch",2012-04-01,"ord5"
"496",117,"female",2012-01-06,"a;b",2012-03-11,"ord1"
"497",117,"female",2012-03-12,"a;b",2012-03-22,"ord2"
"498",117,"female",2012-03-23,"b;c",2012-03-31,"ord3"
"499",117,"female",2012-04-01,"nopurch",2012-04-01,"ord4"
"500",118,"female",2012-01-12,"a;b",2012-02-09,"ord1"
"501",118,"female",2012-02-10,"a;c",2012-02-10,"ord2"
"502",118,"female",2012-02-11,"a;c",2012-03-03,"ord3"
"503",118,"female",2012-03-04,"nopurch",2012-04-01,"ord4"
"504",119,"female",2012-01-12,"a;b",2012-01-29,"ord1"
"505",119,"female",2012-01-30,"a;c",2012-02-25,"ord2"
"506",119,"female",2012-02-26,"nopurch",2012-04-01,"ord3"
"507",120,"female",2012-02-03,"a;b",2012-02-14,"ord1"
"508",120,"female",2012-02-15,"a;b",2012-02-18,"ord2"
"509",120,"female",2012-02-19,"a;b",2012-02-28,"ord3"
"510",120,"female",2012-02-29,"a;b;c",2012-03-12,"ord4"
"511",120,"female",2012-03-13,"nopurch",2012-04-01,"ord5"
"512",121,"female",2012-02-02,"a;c",2012-02-04,"ord1"
"513",121,"female",2012-02-05,"a;c",2012-02-05,"ord2"
"514",121,"female",2012-02-06,"a;b",2012-02-08,"ord3"
"515",121,"female",2012-02-09,"a;b",2012-03-20,"ord4"
"516",121,"female",2012-03-21,"a;b;c",2012-03-31,"ord5"
"517",121,"female",2012-04-01,"nopurch",2012-04-01,"ord6"
"518",122,"male",2012-03-30,"a;b",2012-03-31,"ord1"
"519",122,"male",2012-04-01,"nopurch",2012-04-01,"ord2"
"520",123,"female",2012-01-16,"a;b;c",2012-02-02,"ord1"
"521",123,"female",2012-02-03,"a;c",2012-03-27,"ord2"
"522",123,"female",2012-03-28,"a;b;c",2012-03-31,"ord3"
"523",123,"female",2012-04-01,"nopurch",2012-04-01,"ord4"
"524",124,"female",2012-01-14,"a;c",2012-01-25,"ord1"
"525",124,"female",2012-01-26,"a;b",2012-02-09,"ord2"
"526",124,"female",2012-02-10,"a;b;c",2012-02-21,"ord3"
"527",124,"female",2012-02-22,"a;b",2012-03-12,"ord4"
"528",124,"female",2012-03-13,"nopurch",2012-04-01,"ord5"
"529",125,"female",2012-01-05,"a;b",2012-02-24,"ord1"
"530",125,"female",2012-02-25,"a",2012-03-31,"ord2"
"531",125,"female",2012-04-01,"nopurch",2012-04-01,"ord3"
"532",126,"male",2012-02-14,"a;b;c",2012-03-14,"ord1"
"533",126,"male",2012-03-15,"nopurch",2012-04-01,"ord2"
"534",127,"female",2012-01-17,"a",2012-02-24,"ord1"
"535",127,"female",2012-02-25,"a;c",2012-03-31,"ord2"
"536",127,"female",2012-04-01,"nopurch",2012-04-01,"ord3"
"537",128,"male",2012-02-15,"a",2012-02-29,"ord1"
"538",128,"male",2012-03-01,"a;b;c",2012-03-09,"ord2"
"539",128,"male",2012-03-10,"a;c",2012-03-27,"ord3"
"540",128,"male",2012-03-28,"nopurch",2012-04-01,"ord4"
"541",129,"male",2012-01-19,"a;b;c",2012-02-13,"ord1"
"542",129,"male",2012-02-14,"a;b",2012-03-28,"ord2"
"543",129,"male",2012-03-29,"a;b",2012-03-31,"ord3"
"544",129,"male",2012-04-01,"nopurch",2012-04-01,"ord4"
"545",131,"male",2012-01-05,"a;b;c",2012-02-13,"ord1"
"546",131,"male",2012-02-14,"a;b",2012-03-26,"ord2"
"547",131,"male",2012-03-27,"a;b",2012-03-27,"ord3"
"548",131,"male",2012-03-28,"a;b;c",2012-03-31,"ord4"
"549",131,"male",2012-04-01,"nopurch",2012-04-01,"ord5"
"550",132,"female",2012-01-16,"a;b",2012-01-21,"ord1"
"551",132,"female",2012-01-22,"a;b",2012-01-30,"ord2"
"552",132,"female",2012-01-31,"a;b",2012-03-12,"ord3"
"553",132,"female",2012-03-13,"a",2012-03-31,"ord4"
"554",132,"female",2012-04-01,"nopurch",2012-04-01,"ord5"
"555",133,"male",2012-02-23,"a",2012-03-27,"ord1"
"556",133,"male",2012-03-28,"a;b;c",2012-03-31,"ord2"
"557",133,"male",2012-04-01,"nopurch",2012-04-01,"ord3"
"558",134,"female",2012-02-01,"a;b;c",2012-02-24,"ord1"
"559",134,"female",2012-02-25,"a;b;c",2012-03-03,"ord2"
"560",134,"female",2012-03-04,"a;b",2012-03-23,"ord3"
"561",134,"female",2012-03-24,"b;c",2012-03-31,"ord4"
"562",134,"female",2012-04-01,"nopurch",2012-04-01,"ord5"
"563",135,"male",2012-01-04,"a;b",2012-02-02,"ord1"
"564",135,"male",2012-02-03,"nopurch",2012-04-01,"ord2"
"565",136,"male",2012-02-15,"a;b;c",2012-02-21,"ord1"
"566",136,"male",2012-02-22,"a;b",2012-03-13,"ord2"
"567",136,"male",2012-03-14,"a;b;c",2012-03-16,"ord3"
"568",136,"male",2012-03-17,"a;b",2012-03-31,"ord4"
"569",136,"male",2012-04-01,"nopurch",2012-04-01,"ord5"
"570",137,"male",2012-01-03,"a;b;c",2012-02-04,"ord1"
"571",137,"male",2012-02-05,"a;b;c",2012-02-09,"ord2"
"572",137,"male",2012-02-10,"a;b",2012-02-14,"ord3"
"573",137,"male",2012-02-15,"a;b",2012-03-10,"ord4"
"574",137,"male",2012-03-11,"a",2012-03-31,"ord5"
"575",137,"male",2012-04-01,"nopurch",2012-04-01,"ord6"
"576",138,"female",2012-01-14,"a;b",2012-02-23,"ord1"
"577",138,"female",2012-02-24,"a;b",2012-03-11,"ord2"
"578",138,"female",2012-03-12,"a;b",2012-03-31,"ord3"
"579",138,"female",2012-04-01,"nopurch",2012-04-01,"ord4"
"580",139,"female",2012-01-23,"a",2012-02-04,"ord1"
"581",139,"female",2012-02-05,"b",2012-02-22,"ord2"
"582",139,"female",2012-02-23,"a;b;c",2012-03-02,"ord3"
"583",139,"female",2012-03-03,"a;b",2012-03-22,"ord4"
"584",139,"female",2012-03-23,"nopurch",2012-04-01,"ord5"
"585",140,"male",2012-01-07,"a;b;c",2012-02-05,"ord1"
"586",140,"male",2012-02-06,"a;c",2012-02-10,"ord2"
"587",140,"male",2012-02-11,"a",2012-02-13,"ord3"
"588",140,"male",2012-02-14,"a;b",2012-03-23,"ord4"
"589",140,"male",2012-03-24,"a",2012-03-31,"ord5"
"590",140,"male",2012-04-01,"nopurch",2012-04-01,"ord6"
"591",141,"female",2012-02-01,"b;c",2012-02-22,"ord1"
"592",141,"female",2012-02-23,"a;b",2012-03-24,"ord2"
"593",141,"female",2012-03-25,"a",2012-03-31,"ord3"
"594",141,"female",2012-04-01,"nopurch",2012-04-01,"ord4"
"595",142,"male",2012-03-09,"a;b;c",2012-03-15,"ord1"
"596",142,"male",2012-03-16,"a;b",2012-03-25,"ord2"
"597",142,"male",2012-03-26,"nopurch",2012-04-01,"ord3"
"598",143,"female",2012-01-25,"b",2012-03-12,"ord1"
"599",143,"female",2012-03-13,"b;c",2012-03-20,"ord2"
"600",143,"female",2012-03-21,"a;b;c",2012-03-31,"ord3"
"601",143,"female",2012-04-01,"nopurch",2012-04-01,"ord4"
"602",144,"male",2012-01-07,"a;b;c",2012-01-20,"ord1"
"603",144,"male",2012-01-21,"a;c",2012-02-08,"ord2"
"604",144,"male",2012-02-09,"a;b",2012-03-04,"ord3"
"605",144,"male",2012-03-05,"nopurch",2012-04-01,"ord4"
"606",145,"female",2012-03-18,"a;b",2012-03-31,"ord1"
"607",145,"female",2012-04-01,"nopurch",2012-04-01,"ord2"
"608",146,"female",2012-01-28,"a;b",2012-02-20,"ord1"
"609",146,"female",2012-02-21,"a;b;c",2012-03-27,"ord2"
"610",146,"female",2012-03-28,"nopurch",2012-04-01,"ord3"
"611",147,"male",2012-01-26,"a;b;c",2012-02-19,"ord1"
"612",147,"male",2012-02-20,"a",2012-02-20,"ord2"
"613",147,"male",2012-02-21,"a;b",2012-03-08,"ord3"
"614",147,"male",2012-03-09,"a;c",2012-03-11,"ord4"
"615",147,"male",2012-03-12,"a;b",2012-03-28,"ord5"
"616",147,"male",2012-03-29,"a",2012-03-31,"ord6"
"617",147,"male",2012-04-01,"nopurch",2012-04-01,"ord7"
"618",148,"female",2012-02-09,"a;b",2012-02-17,"ord1"
"619",148,"female",2012-02-18,"a;b",2012-02-27,"ord2"
"620",148,"female",2012-02-28,"a;b;c",2012-03-07,"ord3"
"621",148,"female",2012-03-08,"a;b;c",2012-03-17,"ord4"
"622",148,"female",2012-03-18,"a;b;c",2012-03-31,"ord5"
"623",148,"female",2012-04-01,"nopurch",2012-04-01,"ord6"
"624",149,"female",2012-01-05,"a;b",2012-01-10,"ord1"
"625",149,"female",2012-01-11,"a;b",2012-03-06,"ord2"
"626",149,"female",2012-03-07,"a;b",2012-03-31,"ord3"
"627",149,"female",2012-04-01,"nopurch",2012-04-01,"ord4"
"628",150,"female",2012-02-07,"a",2012-03-07,"ord1"
"629",150,"female",2012-03-08,"nopurch",2012-04-01,"ord2"
"630",151,"female",2012-01-28,"a;b;c",2012-02-25,"ord1"
"631",151,"female",2012-02-26,"a;b;c",2012-03-10,"ord2"
"632",151,"female",2012-03-11,"a;b;c",2012-03-31,"ord3"
"633",151,"female",2012-04-01,"nopurch",2012-04-01,"ord4"
"634",152,"male",2012-01-04,"a;b;c",2012-01-19,"ord1"
"635",152,"male",2012-01-20,"a;b;c",2012-02-06,"ord2"
"636",152,"male",2012-02-07,"a;b;c",2012-03-03,"ord3"
"637",152,"male",2012-03-04,"nopurch",2012-04-01,"ord4"
"638",153,"female",2012-01-30,"a;b;c",2012-02-28,"ord1"
"639",153,"female",2012-02-29,"nopurch",2012-04-01,"ord2"
"640",154,"female",2012-03-01,"a;b;c",2012-03-09,"ord1"
"641",154,"female",2012-03-10,"a;b;c",2012-03-25,"ord2"
"642",154,"female",2012-03-26,"a;b",2012-03-31,"ord3"
"643",154,"female",2012-04-01,"nopurch",2012-04-01,"ord4"
"644",155,"female",2012-01-05,"a;b",2012-03-10,"ord1"
"645",155,"female",2012-03-11,"a;b",2012-03-31,"ord2"
"646",155,"female",2012-04-01,"nopurch",2012-04-01,"ord3"
"647",156,"male",2012-01-05,"a;c",2012-02-18,"ord1"
"648",156,"male",2012-02-19,"a;b;c",2012-02-27,"ord2"
"649",156,"male",2012-02-28,"a;c",2012-03-20,"ord3"
"650",156,"male",2012-03-21,"c",2012-03-31,"ord4"
"651",156,"male",2012-04-01,"nopurch",2012-04-01,"ord5"
"652",157,"female",2012-02-09,"a",2012-02-10,"ord1"
"653",157,"female",2012-02-11,"a;b",2012-02-22,"ord2"
"654",157,"female",2012-02-23,"a;c",2012-02-28,"ord3"
"655",157,"female",2012-02-29,"a",2012-03-09,"ord4"
"656",157,"female",2012-03-10,"nopurch",2012-04-01,"ord5"
"657",158,"male",2012-02-08,"a;c",2012-03-27,"ord1"
"658",158,"male",2012-03-28,"b;c",2012-03-31,"ord2"
"659",158,"male",2012-04-01,"nopurch",2012-04-01,"ord3"
"660",159,"female",2012-01-03,"b",2012-01-05,"ord1"
"661",159,"female",2012-01-06,"a",2012-01-06,"ord2"
"662",159,"female",2012-01-07,"a;b;c",2012-01-21,"ord3"
"663",159,"female",2012-01-22,"a;b",2012-01-30,"ord4"
"664",159,"female",2012-01-31,"a;b;c",2012-02-10,"ord5"
"665",159,"female",2012-02-11,"a;b;c",2012-02-28,"ord6"
"666",159,"female",2012-02-29,"a",2012-03-13,"ord7"
"667",159,"female",2012-03-14,"nopurch",2012-04-01,"ord8"
"668",160,"female",2012-01-30,"a;b",2012-03-16,"ord1"
"669",160,"female",2012-03-17,"a;b",2012-03-19,"ord2"
"670",160,"female",2012-03-20,"b;c",2012-03-24,"ord3"
"671",160,"female",2012-03-25,"a;b",2012-03-31,"ord4"
"672",160,"female",2012-04-01,"nopurch",2012-04-01,"ord5"
"673",161,"female",2012-01-27,"a;b",2012-03-07,"ord1"
"674",161,"female",2012-03-08,"b;c",2012-03-27,"ord2"
"675",161,"female",2012-03-28,"a;b;c",2012-03-30,"ord3"
"676",161,"female",2012-03-31,"a;b",2012-03-31,"ord4"
"677",161,"female",2012-04-01,"nopurch",2012-04-01,"ord5"
"678",163,"female",2012-02-18,"a;c",2012-03-18,"ord1"
"679",163,"female",2012-03-19,"nopurch",2012-04-01,"ord2"
"680",164,"female",2012-02-21,"a;b",2012-02-23,"ord1"
"681",164,"female",2012-02-24,"a;c",2012-02-27,"ord2"
"682",164,"female",2012-02-28,"nopurch",2012-04-01,"ord3"
"683",165,"male",2012-02-08,"a",2012-02-15,"ord1"
"684",165,"male",2012-02-16,"a;b",2012-02-26,"ord2"
"685",165,"male",2012-02-27,"a;b;c",2012-03-04,"ord3"
"686",165,"male",2012-03-05,"a;b;c",2012-03-08,"ord4"
"687",165,"male",2012-03-09,"a",2012-03-19,"ord5"
"688",165,"male",2012-03-20,"nopurch",2012-04-01,"ord6"
"689",166,"female",2012-02-18,"a;b",2012-02-20,"ord1"
"690",166,"female",2012-02-21,"a;b",2012-03-17,"ord2"
"691",166,"female",2012-03-18,"a",2012-03-23,"ord3"
"692",166,"female",2012-03-24,"a",2012-03-31,"ord4"
"693",166,"female",2012-04-01,"nopurch",2012-04-01,"ord5"
"694",167,"female",2012-01-28,"a;b;c",2012-02-07,"ord1"
"695",167,"female",2012-02-08,"a;b;c",2012-02-23,"ord2"
"696",167,"female",2012-02-24,"nopurch",2012-04-01,"ord3"
"697",168,"female",2012-01-07,"c",2012-02-01,"ord1"
"698",168,"female",2012-02-02,"a;b;c",2012-02-22,"ord2"
"699",168,"female",2012-02-23,"a;b",2012-03-27,"ord3"
"700",168,"female",2012-03-28,"a;c",2012-03-31,"ord4"
"701",168,"female",2012-04-01,"nopurch",2012-04-01,"ord5"
"702",169,"female",2012-02-28,"a",2012-03-02,"ord1"
"703",169,"female",2012-03-03,"a;b",2012-03-08,"ord2"
"704",169,"female",2012-03-09,"nopurch",2012-04-01,"ord3"
"705",170,"female",2012-01-11,"a;c",2012-01-23,"ord1"
"706",170,"female",2012-01-24,"a;c",2012-02-03,"ord2"
"707",170,"female",2012-02-04,"a;b;c",2012-02-16,"ord3"
"708",170,"female",2012-02-17,"a;b;c",2012-03-26,"ord4"
"709",170,"female",2012-03-27,"a;b",2012-03-31,"ord5"
"710",170,"female",2012-04-01,"nopurch",2012-04-01,"ord6"
"711",171,"female",2012-01-03,"a;b",2012-01-14,"ord1"
"712",171,"female",2012-01-15,"a;b",2012-03-21,"ord2"
"713",171,"female",2012-03-22,"b",2012-03-27,"ord3"
"714",171,"female",2012-03-28,"a;b",2012-03-31,"ord4"
"715",171,"female",2012-04-01,"nopurch",2012-04-01,"ord5"
"716",172,"female",2012-01-20,"a;b",2012-02-27,"ord1"
"717",172,"female",2012-02-28,"a;c",2012-03-02,"ord2"
"718",172,"female",2012-03-03,"a;b",2012-03-31,"ord3"
"719",172,"female",2012-04-01,"nopurch",2012-04-01,"ord4"
"720",173,"female",2012-01-25,"a",2012-03-10,"ord1"
"721",173,"female",2012-03-11,"a;b",2012-03-12,"ord2"
"722",173,"female",2012-03-13,"a;b",2012-03-13,"ord3"
"723",173,"female",2012-03-14,"a;b;c",2012-03-14,"ord4"
"724",173,"female",2012-03-15,"a;c",2012-03-31,"ord5"
"725",173,"female",2012-04-01,"nopurch",2012-04-01,"ord6"
"726",174,"female",2012-01-03,"b",2012-01-23,"ord1"
"727",174,"female",2012-01-24,"a;b;c",2012-02-10,"ord2"
"728",174,"female",2012-02-11,"a;b;c",2012-03-10,"ord3"
"729",174,"female",2012-03-11,"nopurch",2012-04-01,"ord4"
"730",175,"male",2012-01-09,"a;b",2012-01-27,"ord1"
"731",175,"male",2012-01-28,"a;b;c",2012-02-13,"ord2"
"732",175,"male",2012-02-14,"b",2012-02-16,"ord3"
"733",175,"male",2012-02-17,"a;c",2012-03-14,"ord4"
"734",175,"male",2012-03-15,"a;c",2012-03-31,"ord5"
"735",175,"male",2012-04-01,"nopurch",2012-04-01,"ord6"
"736",176,"female",2012-01-02,"a;b",2012-01-03,"ord1"
"737",176,"female",2012-01-04,"a;b",2012-01-09,"ord2"
"738",176,"female",2012-01-10,"a",2012-03-15,"ord3"
"739",176,"female",2012-03-16,"a;c",2012-03-31,"ord4"
"740",176,"female",2012-04-01,"nopurch",2012-04-01,"ord5"
"741",177,"female",2012-01-31,"a;b;c",2012-02-22,"ord1"
"742",177,"female",2012-02-23,"a;b",2012-03-15,"ord2"
"743",177,"female",2012-03-16,"a;b",2012-03-26,"ord3"
"744",177,"female",2012-03-27,"a;b;c",2012-03-31,"ord4"
"745",177,"female",2012-04-01,"nopurch",2012-04-01,"ord5"
"746",178,"female",2012-01-10,"a;b;c",2012-01-12,"ord1"
"747",178,"female",2012-01-13,"a;b",2012-03-02,"ord2"
"748",178,"female",2012-03-03,"a;b",2012-03-08,"ord3"
"749",178,"female",2012-03-09,"a;b",2012-03-23,"ord4"
"750",178,"female",2012-03-24,"b",2012-03-31,"ord5"
"751",178,"female",2012-04-01,"nopurch",2012-04-01,"ord6"
"752",179,"female",2012-01-07,"a;b;c",2012-01-20,"ord1"
"753",179,"female",2012-01-21,"a;b",2012-03-02,"ord2"
"754",179,"female",2012-03-03,"a;b;c",2012-03-16,"ord3"
"755",179,"female",2012-03-17,"a;c",2012-03-31,"ord4"
"756",179,"female",2012-04-01,"nopurch",2012-04-01,"ord5"
"757",180,"female",2012-01-27,"a;b",2012-02-16,"ord1"
"758",180,"female",2012-02-17,"a;b;c",2012-03-13,"ord2"
"759",180,"female",2012-03-14,"a;b;c",2012-03-31,"ord3"
"760",180,"female",2012-04-01,"nopurch",2012-04-01,"ord4"
"761",181,"male",2012-02-02,"a;b",2012-02-12,"ord1"
"762",181,"male",2012-02-13,"b;c",2012-02-13,"ord2"
"763",181,"male",2012-02-14,"a;b",2012-03-24,"ord3"
"764",181,"male",2012-03-25,"a",2012-03-31,"ord4"
"765",181,"male",2012-04-01,"nopurch",2012-04-01,"ord5"
"766",182,"female",2012-01-03,"a;c",2012-01-06,"ord1"
"767",182,"female",2012-01-07,"a;b",2012-01-19,"ord2"
"768",182,"female",2012-01-20,"a;b",2012-02-01,"ord3"
"769",182,"female",2012-02-02,"nopurch",2012-04-01,"ord4"
"770",183,"female",2012-01-11,"a;b;c",2012-02-11,"ord1"
"771",183,"female",2012-02-12,"a;b",2012-03-30,"ord2"
"772",183,"female",2012-03-31,"nopurch",2012-04-01,"ord3"
"773",184,"male",2012-01-02,"a;b",2012-01-05,"ord1"
"774",184,"male",2012-01-06,"a;b;c",2012-02-10,"ord2"
"775",184,"male",2012-02-11,"a;b",2012-03-04,"ord3"
"776",184,"male",2012-03-05,"c",2012-03-06,"ord4"
"777",184,"male",2012-03-07,"a",2012-03-30,"ord5"
"778",184,"male",2012-03-31,"nopurch",2012-04-01,"ord6"
"779",185,"female",2012-01-24,"b;c",2012-02-22,"ord1"
"780",185,"female",2012-02-23,"nopurch",2012-04-01,"ord2"
"781",186,"female",2012-01-25,"a;b",2012-02-21,"ord1"
"782",186,"female",2012-02-22,"a;b",2012-03-31,"ord2"
"783",186,"female",2012-04-01,"nopurch",2012-04-01,"ord3"
"784",187,"male",2012-01-04,"a;b;c",2012-01-13,"ord1"
"785",187,"male",2012-01-14,"a;b",2012-02-01,"ord2"
"786",187,"male",2012-02-02,"a;b",2012-02-04,"ord3"
"787",187,"male",2012-02-05,"a;b",2012-03-10,"ord4"
"788",187,"male",2012-03-11,"a;b",2012-03-31,"ord5"
"789",187,"male",2012-04-01,"nopurch",2012-04-01,"ord6"
"790",188,"male",2012-01-04,"a;b;c",2012-01-05,"ord1"
"791",188,"male",2012-01-06,"a;b;c",2012-02-01,"ord2"
"792",188,"male",2012-02-02,"a;b;c",2012-03-16,"ord3"
"793",188,"male",2012-03-17,"a;b",2012-03-18,"ord4"
"794",188,"male",2012-03-19,"a",2012-03-31,"ord5"
"795",188,"male",2012-04-01,"nopurch",2012-04-01,"ord6"
"796",189,"male",2012-01-10,"a;c",2012-02-06,"ord1"
"797",189,"male",2012-02-07,"a;b",2012-02-07,"ord2"
"798",189,"male",2012-02-08,"a;c",2012-03-19,"ord3"
"799",189,"male",2012-03-20,"a;b",2012-03-31,"ord4"
"800",189,"male",2012-04-01,"nopurch",2012-04-01,"ord5"
"801",190,"male",2012-01-19,"a;c",2012-02-29,"ord1"
"802",190,"male",2012-03-01,"a",2012-03-26,"ord2"
"803",190,"male",2012-03-27,"a;b",2012-03-31,"ord3"
"804",190,"male",2012-04-01,"nopurch",2012-04-01,"ord4"
"805",191,"female",2012-02-06,"a;b",2012-02-12,"ord1"
"806",191,"female",2012-02-13,"a;b;c",2012-03-15,"ord2"
"807",191,"female",2012-03-16,"a;b",2012-03-31,"ord3"
"808",191,"female",2012-04-01,"nopurch",2012-04-01,"ord4"
"809",192,"female",2012-01-18,"b",2012-02-08,"ord1"
"810",192,"female",2012-02-09,"a;b;c",2012-02-15,"ord2"
"811",192,"female",2012-02-16,"a;b;c",2012-03-19,"ord3"
"812",192,"female",2012-03-20,"a;c",2012-03-26,"ord4"
"813",192,"female",2012-03-27,"a;b",2012-03-31,"ord5"
"814",192,"female",2012-04-01,"nopurch",2012-04-01,"ord6"
"815",193,"male",2012-01-21,"a;b",2012-01-21,"ord1"
"816",193,"male",2012-01-22,"a",2012-01-26,"ord2"
"817",193,"male",2012-01-27,"a;b;c",2012-01-30,"ord3"
"818",193,"male",2012-01-31,"nopurch",2012-04-01,"ord4"
"819",194,"female",2012-01-03,"a;b",2012-02-28,"ord1"
"820",194,"female",2012-02-29,"a;b",2012-03-07,"ord2"
"821",194,"female",2012-03-08,"a;b;c",2012-03-14,"ord3"
"822",194,"female",2012-03-15,"a",2012-03-30,"ord4"
"823",194,"female",2012-03-31,"a;b",2012-03-31,"ord5"
"824",194,"female",2012-04-01,"nopurch",2012-04-01,"ord6"
"825",195,"female",2012-01-04,"a;b",2012-02-11,"ord1"
"826",195,"female",2012-02-12,"a;b",2012-03-14,"ord2"
"827",195,"female",2012-03-15,"a",2012-03-31,"ord3"
"828",195,"female",2012-04-01,"nopurch",2012-04-01,"ord4"
"829",196,"female",2012-01-16,"a",2012-02-10,"ord1"
"830",196,"female",2012-02-11,"a;b",2012-02-11,"ord2"
"831",196,"female",2012-02-12,"a;c",2012-02-14,"ord3"
"832",196,"female",2012-02-15,"a;b",2012-03-02,"ord4"
"833",196,"female",2012-03-03,"a;b",2012-03-20,"ord5"
"834",196,"female",2012-03-21,"nopurch",2012-04-01,"ord6"
"835",198,"female",2012-01-17,"a",2012-02-03,"ord1"
"836",198,"female",2012-02-04,"b",2012-02-16,"ord2"
"837",198,"female",2012-02-17,"a;c",2012-03-17,"ord3"
"838",198,"female",2012-03-18,"b",2012-03-22,"ord4"
"839",198,"female",2012-03-23,"a;b;c",2012-03-31,"ord5"
"840",198,"female",2012-04-01,"nopurch",2012-04-01,"ord6"
"841",199,"female",2012-02-09,"a;c",2012-02-16,"ord1"
"842",199,"female",2012-02-17,"a;b",2012-03-13,"ord2"
"843",199,"female",2012-03-14,"a;b",2012-03-31,"ord3"
"844",199,"female",2012-04-01,"nopurch",2012-04-01,"ord4"
"845",200,"female",2012-01-05,"a;b",2012-03-04,"ord1"
"846",200,"female",2012-03-05,"a;b",2012-03-31,"ord2"
"847",200,"female",2012-04-01,"nopurch",2012-04-01,"ord3"
"848",201,"female",2012-01-05,"a;c",2012-01-27,"ord1"
"849",201,"female",2012-01-28,"a;b;c",2012-02-27,"ord2"
"850",201,"female",2012-02-28,"a;b;c",2012-03-31,"ord3"
"851",201,"female",2012-04-01,"nopurch",2012-04-01,"ord4"
"852",202,"female",2012-02-08,"a;b",2012-02-27,"ord1"
"853",202,"female",2012-02-28,"a;b;c",2012-02-28,"ord2"
"854",202,"female",2012-02-29,"a;b",2012-03-15,"ord3"
"855",202,"female",2012-03-16,"nopurch",2012-04-01,"ord4"
"856",203,"male",2012-03-09,"a;b",2012-03-14,"ord1"
"857",203,"male",2012-03-15,"a",2012-03-28,"ord2"
"858",203,"male",2012-03-29,"a;b;c",2012-03-31,"ord3"
"859",203,"male",2012-04-01,"nopurch",2012-04-01,"ord4"
"860",204,"male",2012-01-03,"a",2012-01-21,"ord1"
"861",204,"male",2012-01-22,"a;b;c",2012-02-16,"ord2"
"862",204,"male",2012-02-17,"a;c",2012-02-26,"ord3"
"863",204,"male",2012-02-27,"b",2012-03-25,"ord4"
"864",204,"male",2012-03-26,"nopurch",2012-04-01,"ord5"
"865",206,"female",2012-01-09,"a;c",2012-02-01,"ord1"
"866",206,"female",2012-02-02,"a;b;c",2012-02-15,"ord2"
"867",206,"female",2012-02-16,"a;b",2012-02-28,"ord3"
"868",206,"female",2012-02-29,"a;b;c",2012-03-20,"ord4"
"869",206,"female",2012-03-21,"a;b;c",2012-03-31,"ord5"
"870",206,"female",2012-04-01,"nopurch",2012-04-01,"ord6"
"871",207,"male",2012-01-05,"a;b",2012-01-15,"ord1"
"872",207,"male",2012-01-16,"a;c",2012-01-31,"ord2"
"873",207,"male",2012-02-01,"nopurch",2012-04-01,"ord3"
"874",208,"female",2012-01-31,"a",2012-02-01,"ord1"
"875",208,"female",2012-02-02,"a;b;c",2012-02-24,"ord2"
"876",208,"female",2012-02-25,"a;b;c",2012-03-14,"ord3"
"877",208,"female",2012-03-15,"nopurch",2012-04-01,"ord4"
"878",209,"male",2012-01-06,"a;b;c",2012-01-30,"ord1"
"879",209,"male",2012-01-31,"a;b",2012-03-08,"ord2"
"880",209,"male",2012-03-09,"nopurch",2012-04-01,"ord3"
"881",210,"male",2012-01-19,"a",2012-03-27,"ord1"
"882",210,"male",2012-03-28,"a;b;c",2012-03-28,"ord2"
"883",210,"male",2012-03-29,"a;b",2012-03-31,"ord3"
"884",210,"male",2012-04-01,"nopurch",2012-04-01,"ord4"
"885",211,"male",2012-01-05,"a;c",2012-01-23,"ord1"
"886",211,"male",2012-01-24,"a;b;c",2012-02-02,"ord2"
"887",211,"male",2012-02-03,"a;b;c",2012-02-28,"ord3"
"888",211,"male",2012-02-29,"a",2012-03-27,"ord4"
"889",211,"male",2012-03-28,"nopurch",2012-04-01,"ord5"
"890",212,"female",2012-02-23,"a;b",2012-02-26,"ord1"
"891",212,"female",2012-02-27,"a;b",2012-02-27,"ord2"
"892",212,"female",2012-02-28,"a;b;c",2012-03-02,"ord3"
"893",212,"female",2012-03-03,"nopurch",2012-04-01,"ord4"
"894",213,"female",2012-02-11,"a;b;c",2012-03-26,"ord1"
"895",213,"female",2012-03-27,"a;b;c",2012-03-27,"ord2"
"896",213,"female",2012-03-28,"a;b;c",2012-03-31,"ord3"
"897",213,"female",2012-04-01,"nopurch",2012-04-01,"ord4"
"898",214,"female",2012-01-13,"a;b;c",2012-03-18,"ord1"
"899",214,"female",2012-03-19,"a;b;c",2012-03-31,"ord2"
"900",214,"female",2012-04-01,"nopurch",2012-04-01,"ord3"
"901",215,"male",2012-01-25,"a;b",2012-02-05,"ord1"
"902",215,"male",2012-02-06,"a",2012-02-10,"ord2"
"903",215,"male",2012-02-11,"a;b;c",2012-03-07,"ord3"
"904",215,"male",2012-03-08,"a;b;c",2012-03-29,"ord4"
"905",215,"male",2012-03-30,"nopurch",2012-04-01,"ord5"
"906",216,"male",2012-03-11,"a;b",2012-03-21,"ord1"
"907",216,"male",2012-03-22,"a;b;c",2012-03-31,"ord2"
"908",216,"male",2012-04-01,"nopurch",2012-04-01,"ord3"
"909",217,"male",2012-03-07,"a;b",2012-03-31,"ord1"
"910",217,"male",2012-04-01,"nopurch",2012-04-01,"ord2"
"911",218,"female",2012-02-02,"a;b;c",2012-03-02,"ord1"
"912",218,"female",2012-03-03,"nopurch",2012-04-01,"ord2"
"913",219,"female",2012-01-24,"a;b;c",2012-02-22,"ord1"
"914",219,"female",2012-02-23,"nopurch",2012-04-01,"ord2"
"915",220,"male",2012-01-05,"a;b;c",2012-02-17,"ord1"
"916",220,"male",2012-02-18,"a;b;c",2012-02-18,"ord2"
"917",220,"male",2012-02-19,"a;c",2012-03-23,"ord3"
"918",220,"male",2012-03-24,"nopurch",2012-04-01,"ord4"
"919",221,"female",2012-01-28,"a",2012-02-06,"ord1"
"920",221,"female",2012-02-07,"a",2012-03-23,"ord2"
"921",221,"female",2012-03-24,"a;b",2012-03-31,"ord3"
"922",221,"female",2012-04-01,"nopurch",2012-04-01,"ord4"
"923",222,"male",2012-02-23,"a;c",2012-03-11,"ord1"
"924",222,"male",2012-03-12,"a;b;c",2012-03-31,"ord2"
"925",222,"male",2012-04-01,"nopurch",2012-04-01,"ord3"
"926",223,"female",2012-01-09,"a;c",2012-01-15,"ord1"
"927",223,"female",2012-01-16,"a;b;c",2012-02-20,"ord2"
"928",223,"female",2012-02-21,"b",2012-03-25,"ord3"
"929",223,"female",2012-03-26,"a;b;c",2012-03-31,"ord4"
"930",223,"female",2012-04-01,"nopurch",2012-04-01,"ord5"
"931",224,"male",2012-02-22,"c",2012-02-27,"ord1"
"932",224,"male",2012-02-28,"a;b",2012-03-27,"ord2"
"933",224,"male",2012-03-28,"a;b",2012-03-31,"ord3"
"934",224,"male",2012-04-01,"nopurch",2012-04-01,"ord4"
"935",225,"male",2012-01-02,"a",2012-01-19,"ord1"
"936",225,"male",2012-01-20,"a;b",2012-02-20,"ord2"
"937",225,"male",2012-02-21,"a;b",2012-03-29,"ord3"
"938",225,"male",2012-03-30,"nopurch",2012-04-01,"ord4"
"939",226,"male",2012-01-10,"a",2012-01-12,"ord1"
"940",226,"male",2012-01-13,"a;b",2012-02-25,"ord2"
"941",226,"male",2012-02-26,"a;b;c",2012-03-17,"ord3"
"942",226,"male",2012-03-18,"a;b",2012-03-31,"ord4"
"943",226,"male",2012-04-01,"nopurch",2012-04-01,"ord5"
"944",227,"male",2012-03-22,"a",2012-03-24,"ord1"
"945",227,"male",2012-03-25,"a;c",2012-03-28,"ord2"
"946",227,"male",2012-03-29,"nopurch",2012-04-01,"ord3"
"947",228,"female",2012-02-15,"a",2012-03-29,"ord1"
"948",228,"female",2012-03-30,"a;b;c",2012-03-31,"ord2"
"949",228,"female",2012-04-01,"nopurch",2012-04-01,"ord3"
"950",229,"male",2012-02-15,"a",2012-03-03,"ord1"
"951",229,"male",2012-03-04,"a;c",2012-03-17,"ord2"
"952",229,"male",2012-03-18,"a",2012-03-31,"ord3"
"953",229,"male",2012-04-01,"nopurch",2012-04-01,"ord4"
"954",230,"female",2012-03-07,"a;c",2012-03-09,"ord1"
"955",230,"female",2012-03-10,"a;b;c",2012-03-13,"ord2"
"956",230,"female",2012-03-14,"nopurch",2012-04-01,"ord3"
"957",231,"male",2012-01-16,"a;b;c",2012-02-04,"ord1"
"958",231,"male",2012-02-05,"a;b",2012-03-05,"ord2"
"959",231,"male",2012-03-06,"nopurch",2012-04-01,"ord3"
"960",232,"male",2012-01-18,"a;c",2012-02-04,"ord1"
"961",232,"male",2012-02-05,"a",2012-02-28,"ord2"
"962",232,"male",2012-02-29,"a;c",2012-03-31,"ord3"
"963",232,"male",2012-04-01,"nopurch",2012-04-01,"ord4"
"964",233,"male",2012-01-20,"a",2012-02-18,"ord1"
"965",233,"male",2012-02-19,"nopurch",2012-04-01,"ord2"
"966",234,"female",2012-01-13,"a;b",2012-01-17,"ord1"
"967",234,"female",2012-01-18,"a;b",2012-01-19,"ord2"
"968",234,"female",2012-01-20,"a;c",2012-03-06,"ord3"
"969",234,"female",2012-03-07,"a;b",2012-03-08,"ord4"
"970",234,"female",2012-03-09,"a;b;c",2012-03-29,"ord5"
"971",234,"female",2012-03-30,"nopurch",2012-04-01,"ord6"
"972",236,"female",2012-01-12,"a;b;c",2012-02-12,"ord1"
"973",236,"female",2012-02-13,"a;b;c",2012-02-17,"ord2"
"974",236,"female",2012-02-18,"a;c",2012-03-16,"ord3"
"975",236,"female",2012-03-17,"nopurch",2012-04-01,"ord4"
"976",237,"female",2012-01-08,"a;b",2012-02-09,"ord1"
"977",237,"female",2012-02-10,"b",2012-03-17,"ord2"
"978",237,"female",2012-03-18,"a;c",2012-03-31,"ord3"
"979",237,"female",2012-04-01,"nopurch",2012-04-01,"ord4"
"980",238,"female",2012-01-11,"a;b;c",2012-01-15,"ord1"
"981",238,"female",2012-01-16,"a;b",2012-01-19,"ord2"
"982",238,"female",2012-01-20,"a;c",2012-01-29,"ord3"
"983",238,"female",2012-01-30,"a;b;c",2012-02-06,"ord4"
"984",238,"female",2012-02-07,"a;b",2012-02-15,"ord5"
"985",238,"female",2012-02-16,"a;b;c",2012-02-26,"ord6"
"986",238,"female",2012-02-27,"nopurch",2012-04-01,"ord7"
"987",239,"female",2012-01-06,"a;c",2012-02-04,"ord1"
"988",239,"female",2012-02-05,"nopurch",2012-04-01,"ord2"
"989",240,"female",2012-01-22,"a;c",2012-03-12,"ord1"
"990",240,"female",2012-03-13,"a;b;c",2012-03-15,"ord2"
"991",240,"female",2012-03-16,"a;b",2012-03-31,"ord3"
"992",240,"female",2012-04-01,"nopurch",2012-04-01,"ord4"
"993",241,"male",2012-01-26,"b;c",2012-02-15,"ord1"
"994",241,"male",2012-02-16,"a;b;c",2012-02-18,"ord2"
"995",241,"male",2012-02-19,"c",2012-03-17,"ord3"
"996",241,"male",2012-03-18,"a;b",2012-03-31,"ord4"
"997",241,"male",2012-04-01,"nopurch",2012-04-01,"ord5"
"998",242,"female",2012-01-03,"a;c",2012-01-27,"ord1"
"999",242,"female",2012-01-28,"a;b",2012-02-07,"ord2"
"1000",242,"female",2012-02-08,"a;c",2012-03-11,"ord3"
"1001",242,"female",2012-03-12,"a;b;c",2012-03-31,"ord4"
"1002",242,"female",2012-04-01,"nopurch",2012-04-01,"ord5"
"1003",243,"female",2012-01-09,"a;b;c",2012-01-18,"ord1"
"1004",243,"female",2012-01-19,"a;c",2012-02-02,"ord2"
"1005",243,"female",2012-02-03,"nopurch",2012-04-01,"ord3"
"1006",244,"female",2012-02-12,"a",2012-03-06,"ord1"
"1007",244,"female",2012-03-07,"a;b",2012-03-22,"ord2"
"1008",244,"female",2012-03-23,"a;b",2012-03-31,"ord3"
"1009",244,"female",2012-04-01,"nopurch",2012-04-01,"ord4"
"1010",245,"female",2012-01-22,"a",2012-02-20,"ord1"
"1011",245,"female",2012-02-21,"nopurch",2012-04-01,"ord2"
"1012",246,"female",2012-01-05,"a;c",2012-01-11,"ord1"
"1013",246,"female",2012-01-12,"a",2012-02-20,"ord2"
"1014",246,"female",2012-02-21,"a;b;c",2012-03-26,"ord3"
"1015",246,"female",2012-03-27,"nopurch",2012-04-01,"ord4"
"1016",247,"female",2012-01-24,"a;b",2012-03-19,"ord1"
"1017",247,"female",2012-03-20,"a;b",2012-03-29,"ord2"
"1018",247,"female",2012-03-30,"a;c",2012-03-31,"ord3"
"1019",247,"female",2012-04-01,"nopurch",2012-04-01,"ord4"
"1020",248,"male",2012-01-16,"b",2012-02-14,"ord1"
"1021",248,"male",2012-02-15,"nopurch",2012-04-01,"ord2"
"1022",249,"female",2012-01-29,"a",2012-03-12,"ord1"
"1023",249,"female",2012-03-13,"a;b",2012-03-18,"ord2"
"1024",249,"female",2012-03-19,"a;b",2012-03-31,"ord3"
"1025",249,"female",2012-04-01,"nopurch",2012-04-01,"ord4"
"1026",250,"female",2012-01-09,"a;b",2012-01-27,"ord1"
"1027",250,"female",2012-01-28,"a;b;c",2012-02-13,"ord2"
"1028",250,"female",2012-02-14,"a;b",2012-03-17,"ord3"
"1029",250,"female",2012-03-18,"a",2012-03-31,"ord4"
"1030",250,"female",2012-04-01,"nopurch",2012-04-01,"ord5"
"1031",251,"female",2012-02-03,"a;c",2012-02-06,"ord1"
"1032",251,"female",2012-02-07,"a;b;c",2012-02-09,"ord2"
"1033",251,"female",2012-02-10,"a;b;c",2012-02-23,"ord3"
"1034",251,"female",2012-02-24,"a",2012-02-26,"ord4"
"1035",251,"female",2012-02-27,"a;b",2012-03-13,"ord5"
"1036",251,"female",2012-03-14,"a",2012-03-29,"ord6"
"1037",251,"female",2012-03-30,"a",2012-03-31,"ord7"
"1038",251,"female",2012-04-01,"nopurch",2012-04-01,"ord8"
"1039",252,"female",2012-02-22,"a;b",2012-03-09,"ord1"
"1040",252,"female",2012-03-10,"a;b",2012-03-31,"ord2"
"1041",252,"female",2012-04-01,"nopurch",2012-04-01,"ord3"
"1042",253,"female",2012-01-25,"a;b",2012-01-25,"ord1"
"1043",253,"female",2012-01-26,"a;b",2012-01-27,"ord2"
"1044",253,"female",2012-01-28,"nopurch",2012-04-01,"ord3"
"1045",254,"female",2012-01-12,"a;c",2012-01-18,"ord1"
"1046",254,"female",2012-01-19,"a;b;c",2012-02-03,"ord2"
"1047",254,"female",2012-02-04,"a;b",2012-02-17,"ord3"
"1048",254,"female",2012-02-18,"a",2012-02-20,"ord4"
"1049",254,"female",2012-02-21,"a;b",2012-02-23,"ord5"
"1050",254,"female",2012-02-24,"a;b;c",2012-02-25,"ord6"
"1051",254,"female",2012-02-26,"a",2012-03-14,"ord7"
"1052",254,"female",2012-03-15,"a",2012-03-24,"ord8"
"1053",254,"female",2012-03-25,"a;b;c",2012-03-31,"ord9"
"1054",254,"female",2012-04-01,"nopurch",2012-04-01,"ord10"
"1055",255,"male",2012-01-11,"a;b;c",2012-02-09,"ord1"
"1056",255,"male",2012-02-10,"nopurch",2012-04-01,"ord2"
"1057",256,"female",2012-02-09,"a;b",2012-02-29,"ord1"
"1058",256,"female",2012-03-01,"a;c",2012-03-17,"ord2"
"1059",256,"female",2012-03-18,"a;b",2012-03-31,"ord3"
"1060",256,"female",2012-04-01,"nopurch",2012-04-01,"ord4"
"1061",257,"female",2012-02-01,"a;c",2012-02-01,"ord1"
"1062",257,"female",2012-02-02,"a;b;c",2012-02-07,"ord2"
"1063",257,"female",2012-02-08,"a;b",2012-03-06,"ord3"
"1064",257,"female",2012-03-07,"a;b;c",2012-03-11,"ord4"
"1065",257,"female",2012-03-12,"a;b;c",2012-03-26,"ord5"
"1066",257,"female",2012-03-27,"nopurch",2012-04-01,"ord6"
"1067",258,"female",2012-01-18,"a;b",2012-02-16,"ord1"
"1068",258,"female",2012-02-17,"nopurch",2012-04-01,"ord2"
"1069",259,"female",2012-01-04,"a;b",2012-01-20,"ord1"
"1070",259,"female",2012-01-21,"a;c",2012-02-29,"ord2"
"1071",259,"female",2012-03-01,"a;b",2012-03-10,"ord3"
"1072",259,"female",2012-03-11,"a",2012-03-24,"ord4"
"1073",259,"female",2012-03-25,"a;b",2012-03-31,"ord5"
"1074",259,"female",2012-04-01,"nopurch",2012-04-01,"ord6"
"1075",260,"male",2012-02-11,"a;b",2012-02-11,"ord1"
"1076",260,"male",2012-02-12,"a;b",2012-02-13,"ord2"
"1077",260,"male",2012-02-14,"nopurch",2012-04-01,"ord3"
"1078",261,"female",2012-01-13,"b;c",2012-01-30,"ord1"
"1079",261,"female",2012-01-31,"a;b;c",2012-02-11,"ord2"
"1080",261,"female",2012-02-12,"a;b",2012-02-17,"ord3"
"1081",261,"female",2012-02-18,"a;b",2012-03-09,"ord4"
"1082",261,"female",2012-03-10,"a",2012-03-30,"ord5"
"1083",261,"female",2012-03-31,"nopurch",2012-04-01,"ord6"
"1084",262,"male",2012-01-19,"a;b",2012-02-26,"ord1"
"1085",262,"male",2012-02-27,"a;c",2012-03-29,"ord2"
"1086",262,"male",2012-03-30,"a;b",2012-03-31,"ord3"
"1087",262,"male",2012-04-01,"nopurch",2012-04-01,"ord4"
"1088",263,"female",2012-01-11,"a;b;c",2012-01-22,"ord1"
"1089",263,"female",2012-01-23,"a",2012-01-28,"ord2"
"1090",263,"female",2012-01-29,"a;b;c",2012-02-09,"ord3"
"1091",263,"female",2012-02-10,"a;b",2012-02-25,"ord4"
"1092",263,"female",2012-02-26,"a;c",2012-03-01,"ord5"
"1093",263,"female",2012-03-02,"a;b",2012-03-16,"ord6"
"1094",263,"female",2012-03-17,"nopurch",2012-04-01,"ord7"
"1095",264,"male",2012-03-24,"a;c",2012-03-30,"ord1"
"1096",264,"male",2012-03-31,"a",2012-03-31,"ord2"
"1097",264,"male",2012-04-01,"nopurch",2012-04-01,"ord3"
"1098",265,"female",2012-01-20,"a;b;c",2012-02-09,"ord1"
"1099",265,"female",2012-02-10,"a;b;c",2012-02-12,"ord2"
"1100",265,"female",2012-02-13,"a;b",2012-02-20,"ord3"
"1101",265,"female",2012-02-21,"a;c",2012-03-08,"ord4"
"1102",265,"female",2012-03-09,"a;c",2012-03-23,"ord5"
"1103",265,"female",2012-03-24,"a;b;c",2012-03-31,"ord6"
"1104",265,"female",2012-04-01,"nopurch",2012-04-01,"ord7"
"1105",266,"female",2012-01-03,"a;b",2012-02-10,"ord1"
"1106",266,"female",2012-02-11,"a;b",2012-02-15,"ord2"
"1107",266,"female",2012-02-16,"a;b",2012-03-27,"ord3"
"1108",266,"female",2012-03-28,"a;b",2012-03-31,"ord4"
"1109",266,"female",2012-04-01,"nopurch",2012-04-01,"ord5"
"1110",267,"female",2012-01-14,"a;b",2012-03-04,"ord1"
"1111",267,"female",2012-03-05,"a;b",2012-03-22,"ord2"
"1112",267,"female",2012-03-23,"a;b;c",2012-03-31,"ord3"
"1113",267,"female",2012-04-01,"nopurch",2012-04-01,"ord4"
"1114",268,"female",2012-01-14,"a",2012-02-02,"ord1"
"1115",268,"female",2012-02-03,"b",2012-02-06,"ord2"
"1116",268,"female",2012-02-07,"b",2012-03-27,"ord3"
"1117",268,"female",2012-03-28,"a;b",2012-03-31,"ord4"
"1118",268,"female",2012-04-01,"nopurch",2012-04-01,"ord5"
"1119",269,"male",2012-01-30,"a",2012-02-18,"ord1"
"1120",269,"male",2012-02-19,"a;b",2012-03-19,"ord2"
"1121",269,"male",2012-03-20,"nopurch",2012-04-01,"ord3"
"1122",270,"female",2012-02-13,"a;b",2012-03-22,"ord1"
"1123",270,"female",2012-03-23,"b",2012-03-31,"ord2"
"1124",270,"female",2012-04-01,"nopurch",2012-04-01,"ord3"
"1125",271,"female",2012-02-23,"a;b;c",2012-03-23,"ord1"
"1126",271,"female",2012-03-24,"nopurch",2012-04-01,"ord2"
"1127",272,"female",2012-01-30,"a;b",2012-02-09,"ord1"
"1128",272,"female",2012-02-10,"a;b;c",2012-02-11,"ord2"
"1129",272,"female",2012-02-12,"a;b",2012-02-21,"ord3"
"1130",272,"female",2012-02-22,"a;b;c",2012-03-25,"ord4"
"1131",272,"female",2012-03-26,"a;b",2012-03-27,"ord5"
"1132",272,"female",2012-03-28,"a",2012-03-28,"ord6"
"1133",272,"female",2012-03-29,"a",2012-03-29,"ord7"
"1134",272,"female",2012-03-30,"a;b",2012-03-31,"ord8"
"1135",272,"female",2012-04-01,"nopurch",2012-04-01,"ord9"
"1136",273,"female",2012-01-14,"a;c",2012-01-15,"ord1"
"1137",273,"female",2012-01-16,"a",2012-03-08,"ord2"
"1138",273,"female",2012-03-09,"a;b",2012-03-15,"ord3"
"1139",273,"female",2012-03-16,"a;b;c",2012-03-31,"ord4"
"1140",273,"female",2012-04-01,"nopurch",2012-04-01,"ord5"
"1141",274,"male",2012-01-07,"a",2012-01-07,"ord1"
"1142",274,"male",2012-01-08,"a;c",2012-03-03,"ord2"
"1143",274,"male",2012-03-04,"a;b;c",2012-03-31,"ord3"
"1144",274,"male",2012-04-01,"nopurch",2012-04-01,"ord4"
"1145",275,"male",2012-02-09,"b;c",2012-02-09,"ord1"
"1146",275,"male",2012-02-10,"a;b;c",2012-02-22,"ord2"
"1147",275,"male",2012-02-23,"a;b",2012-02-26,"ord3"
"1148",275,"male",2012-02-27,"b;c",2012-03-17,"ord4"
"1149",275,"male",2012-03-18,"a;b",2012-03-31,"ord5"
"1150",275,"male",2012-04-01,"nopurch",2012-04-01,"ord6"
"1151",276,"female",2012-02-09,"a;c",2012-02-21,"ord1"
"1152",276,"female",2012-02-22,"a;b;c",2012-03-11,"ord2"
"1153",276,"female",2012-03-12,"b",2012-03-21,"ord3"
"1154",276,"female",2012-03-22,"b;c",2012-03-31,"ord4"
"1155",276,"female",2012-04-01,"nopurch",2012-04-01,"ord5"
"1156",277,"female",2012-01-06,"a",2012-02-19,"ord1"
"1157",277,"female",2012-02-20,"a;b;c",2012-02-21,"ord2"
"1158",277,"female",2012-02-22,"a;b;c",2012-03-27,"ord3"
"1159",277,"female",2012-03-28,"nopurch",2012-04-01,"ord4"
"1160",278,"female",2012-02-07,"a;c",2012-02-29,"ord1"
"1161",278,"female",2012-03-01,"a;b",2012-03-31,"ord2"
"1162",278,"female",2012-04-01,"nopurch",2012-04-01,"ord3"
"1163",279,"female",2012-01-08,"a;b;c",2012-01-08,"ord1"
"1164",279,"female",2012-01-09,"a;b;c",2012-01-09,"ord2"
"1165",279,"female",2012-01-10,"a;b;c",2012-01-24,"ord3"
"1166",279,"female",2012-01-25,"a;b",2012-01-29,"ord4"
"1167",279,"female",2012-01-30,"a;b",2012-02-11,"ord5"
"1168",279,"female",2012-02-12,"a;b;c",2012-02-14,"ord6"
"1169",279,"female",2012-02-15,"a;b",2012-02-20,"ord7"
"1170",279,"female",2012-02-21,"a;b;c",2012-03-01,"ord8"
"1171",279,"female",2012-03-02,"a;b",2012-03-29,"ord9"
"1172",279,"female",2012-03-30,"a;b;c",2012-03-31,"ord10"
"1173",279,"female",2012-04-01,"nopurch",2012-04-01,"ord11"
"1174",280,"male",2012-02-16,"a;b",2012-03-16,"ord1"
"1175",280,"male",2012-03-17,"nopurch",2012-04-01,"ord2"
"1176",281,"female",2012-01-18,"a;b",2012-03-07,"ord1"
"1177",281,"female",2012-03-08,"a;b;c",2012-03-23,"ord2"
"1178",281,"female",2012-03-24,"a;b;c",2012-03-28,"ord3"
"1179",281,"female",2012-03-29,"a",2012-03-31,"ord4"
"1180",281,"female",2012-04-01,"nopurch",2012-04-01,"ord5"
"1181",282,"female",2012-01-10,"a;b;c",2012-02-03,"ord1"
"1182",282,"female",2012-02-04,"a;b;c",2012-03-21,"ord2"
"1183",282,"female",2012-03-22,"b;c",2012-03-22,"ord3"
"1184",282,"female",2012-03-23,"a;b",2012-03-31,"ord4"
"1185",282,"female",2012-04-01,"nopurch",2012-04-01,"ord5"
"1186",283,"male",2012-01-11,"a;b",2012-02-09,"ord1"
"1187",283,"male",2012-02-10,"nopurch",2012-04-01,"ord2"
"1188",284,"female",2012-01-24,"a;b",2012-02-22,"ord1"
"1189",284,"female",2012-02-23,"nopurch",2012-04-01,"ord2"
"1190",285,"female",2012-02-21,"a;b",2012-03-07,"ord1"
"1191",285,"female",2012-03-08,"a;c",2012-03-17,"ord2"
"1192",285,"female",2012-03-18,"a;c",2012-03-24,"ord3"
"1193",285,"female",2012-03-25,"a;b",2012-03-31,"ord4"
"1194",285,"female",2012-04-01,"nopurch",2012-04-01,"ord5"
"1195",286,"female",2012-01-02,"a;b",2012-01-09,"ord1"
"1196",286,"female",2012-01-10,"a;b;c",2012-01-17,"ord2"
"1197",286,"female",2012-01-18,"a",2012-02-14,"ord3"
"1198",286,"female",2012-02-15,"a;b;c",2012-03-14,"ord4"
"1199",286,"female",2012-03-15,"a;b;c",2012-03-31,"ord5"
"1200",286,"female",2012-04-01,"nopurch",2012-04-01,"ord6"
"1201",287,"male",2012-02-23,"a",2012-03-23,"ord1"
"1202",287,"male",2012-03-24,"nopurch",2012-04-01,"ord2"
"1203",288,"female",2012-02-08,"a",2012-02-15,"ord1"
"1204",288,"female",2012-02-16,"a;b;c",2012-02-27,"ord2"
"1205",288,"female",2012-02-28,"nopurch",2012-04-01,"ord3"
"1206",289,"female",2012-01-21,"a;b",2012-01-21,"ord1"
"1207",289,"female",2012-01-22,"a;b",2012-02-13,"ord2"
"1208",289,"female",2012-02-14,"a;c",2012-03-02,"ord3"
"1209",289,"female",2012-03-03,"nopurch",2012-04-01,"ord4"
"1210",290,"female",2012-01-05,"a",2012-02-27,"ord1"
"1211",290,"female",2012-02-28,"a;b;c",2012-03-09,"ord2"
"1212",290,"female",2012-03-10,"b",2012-03-31,"ord3"
"1213",290,"female",2012-04-01,"nopurch",2012-04-01,"ord4"
"1214",291,"male",2012-01-09,"a",2012-01-20,"ord1"
"1215",291,"male",2012-01-21,"a;b",2012-02-02,"ord2"
"1216",291,"male",2012-02-03,"a;b;c",2012-02-05,"ord3"
"1217",291,"male",2012-02-06,"a;b",2012-02-25,"ord4"
"1218",291,"male",2012-02-26,"a",2012-03-27,"ord5"
"1219",291,"male",2012-03-28,"a;b",2012-03-31,"ord6"
"1220",291,"male",2012-04-01,"nopurch",2012-04-01,"ord7"
"1221",292,"male",2012-01-10,"a;b;c",2012-01-10,"ord1"
"1222",292,"male",2012-01-11,"a;c",2012-02-03,"ord2"
"1223",292,"male",2012-02-04,"a;b;c",2012-02-05,"ord3"
"1224",292,"male",2012-02-06,"a;c",2012-03-11,"ord4"
"1225",292,"male",2012-03-12,"a;b;c",2012-03-19,"ord5"
"1226",292,"male",2012-03-20,"a",2012-03-31,"ord6"
"1227",292,"male",2012-04-01,"nopurch",2012-04-01,"ord7"
"1228",293,"female",2012-01-19,"a;c",2012-02-28,"ord1"
"1229",293,"female",2012-02-29,"a;c",2012-03-01,"ord2"
"1230",293,"female",2012-03-02,"a;b;c",2012-03-31,"ord3"
"1231",293,"female",2012-04-01,"nopurch",2012-04-01,"ord4"
"1232",294,"female",2012-01-09,"a",2012-02-07,"ord1"
"1233",294,"female",2012-02-08,"nopurch",2012-04-01,"ord2"
"1234",295,"male",2012-01-17,"a;c",2012-01-18,"ord1"
"1235",295,"male",2012-01-19,"a;b;c",2012-01-27,"ord2"
"1236",295,"male",2012-01-28,"a;b;c",2012-03-09,"ord3"
"1237",295,"male",2012-03-10,"a;b;c",2012-03-26,"ord4"
"1238",295,"male",2012-03-27,"a;b",2012-03-31,"ord5"
"1239",295,"male",2012-04-01,"nopurch",2012-04-01,"ord6"
"1240",296,"female",2012-01-05,"a;b",2012-01-08,"ord1"
"1241",296,"female",2012-01-09,"a;c",2012-01-27,"ord2"
"1242",296,"female",2012-01-28,"a;b;c",2012-02-03,"ord3"
"1243",296,"female",2012-02-04,"a;b;c",2012-02-27,"ord4"
"1244",296,"female",2012-02-28,"a;c",2012-03-09,"ord5"
"1245",296,"female",2012-03-10,"a;b",2012-03-29,"ord6"
"1246",296,"female",2012-03-30,"nopurch",2012-04-01,"ord7"
"1247",297,"female",2012-01-21,"a;b;c",2012-01-29,"ord1"
"1248",297,"female",2012-01-30,"a;b",2012-02-21,"ord2"
"1249",297,"female",2012-02-22,"a;b",2012-03-11,"ord3"
"1250",297,"female",2012-03-12,"a;b;c",2012-03-30,"ord4"
"1251",297,"female",2012-03-31,"a;c",2012-03-31,"ord5"
"1252",297,"female",2012-04-01,"nopurch",2012-04-01,"ord6"
"1253",298,"female",2012-01-22,"a;b;c",2012-02-05,"ord1"
"1254",298,"female",2012-02-06,"a;b;c",2012-02-20,"ord2"
"1255",298,"female",2012-02-21,"a;c",2012-03-16,"ord3"
"1256",298,"female",2012-03-17,"a",2012-03-29,"ord4"
"1257",298,"female",2012-03-30,"a;b",2012-03-31,"ord5"
"1258",298,"female",2012-04-01,"nopurch",2012-04-01,"ord6"
"1259",299,"female",2012-02-07,"a;b;c",2012-03-09,"ord1"
"1260",299,"female",2012-03-10,"a;b;c",2012-03-28,"ord2"
"1261",299,"female",2012-03-29,"a;b",2012-03-31,"ord3"
"1262",299,"female",2012-04-01,"nopurch",2012-04-01,"ord4"
"1263",300,"female",2012-01-08,"a;b",2012-02-06,"ord1"
"1264",300,"female",2012-02-07,"nopurch",2012-04-01,"ord2"
